exp,trap,cup,start,start,start,start,end,end,end,end,time,depth,pc,pc,pn,pn,pp,pp,pic,psi,mass,mass,n15,n15
,,,month,day,year,hour,month,day,year,hour,,,mean,sd,mean,sd,mean,sd,,,mean,sd,mean,sd
#,#,#,,,,,,,,,(days),(m),mg/m2/d,mg/m2/d,mg/m2/d,mg/m2/d,mg/m2/d,mg/m2/d,mg/m2/d,mg/m2/d,mg/m2/d,mg/m2/d,permil,permil
,,,,,,,,,,,,,,,,,,,,,,,,
1,1,1,6,24,1992,-9,7,11,1992,-9,17.38,800,5.22,2,0.595,0.09,0.02836,0.00432,-9,-9,1.36,0.2,-9,-9
1,1,2,7,11,1992,-9,7,28,1992,-9,17.38,800,4.46,1.52,0.468,0.129,0.04127,0.0007,-9,-9,2.94,0.04,-9,-9
1,1,3,7,28,1992,-9,8,14,1992,-9,17.38,800,6.53,2.2,0.724,0.103,0.09584,0.02377,-9,-9,4.26,0.09,-9,-9
1,1,4,8,14,1992,-9,8,31,1992,-9,17.38,800,2.7,1.29,0.331,0,0.07505,0.00609,-9,-9,1.89,0.15,-9,-9
1,1,5,8,31,1992,-9,9,17,1992,-9,17.38,800,4.3,2.02,0.487,0.073,0.03813,0.00571,-9,-9,2.9,0.33,-9,-9
1,1,6,9,17,1992,-9,10,4,1992,-9,17.38,800,4.62,0.04,0.507,0.06,0.07493,0.00185,-9,-9,2.28,0.07,-9,-9
1,1,7,10,4,1992,-9,10,21,1992,-9,17.38,800,2.01,0.01,0.233,0.01,0.03028,0.00363,-9,-9,1.03,0.01,-9,-9
1,1,8,10,21,1992,-9,11,7,1992,-9,17.38,800,2.74,0.04,0.246,0.01,0.03022,0.00169,-9,-9,1.63,0.1,-9,-9
1,1,9,11,7,1992,-9,11,24,1992,-9,17.38,800,1.34,0.47,0.173,0.07,0.01107,0.00223,-9,-9,1.1,0.07,-9,-9
1,1,10,11,24,1992,-9,12,11,1992,-9,17.38,800,1.27,0.66,0.16,0.09,0.02218,0.00529,-9,-9,0.84,0.17,-9,-9
1,1,11,12,11,1992,-9,12,28,1992,-9,17.38,800,1.73,0.17,0.373,0.039,0.07353,0.00053,-9,-9,0.69,0.01,-9,-9
1,1,12,12,28,1992,-9,1,14,1993,-9,17.38,800,0.85,0.05,0.105,0.005,0.01691,0.0047,-9,-9,0.53,0.01,-9,-9
1,1,13,1,14,1993,-9,1,31,1993,-9,17.38,800,0.66,0.06,0.076,0.015,0.00661,0.00007,-9,-9,0.46,0.06,-9,-9
1,1,14,1,31,1993,-9,2,17,1993,-9,17.38,800,0.69,0.08,0.078,0.012,0.0074,0.00023,-9,-9,0.34,0.05,-9,-9
1,1,15,2,17,1993,-9,3,6,1993,-9,17.38,800,2.14,0.11,0.271,0.02,0.03808,0.00402,-9,-9,0.81,0.05,-9,-9
1,1,16,3,6,1993,-9,3,23,1993,-9,17.38,800,2.15,0.18,0.251,0.027,0.0404,0,-9,-9,1.01,0.06,-9,-9
1,1,17,3,23,1993,-9,4,9,1993,-9,17.38,800,2.34,0.01,0.208,0,0.03037,0.00428,-9,-9,1.15,0.19,-9,-9
1,1,18,4,9,1993,-9,4,26,1993,-9,17.38,800,1.36,0.06,0.138,0,0.01233,0.00136,-9,-9,0.75,0.03,-9,-9
1,1,19,4,26,1993,-9,5,13,1993,-9,17.38,800,1.08,0.05,0.15,0.01,0.03556,0.00195,-9,-9,0.53,0,-9,-9
1,1,20,5,13,1993,-9,5,30,1993,-9,17.38,800,1.2,0.21,0.181,0.027,0.02971,0.00606,-9,-9,0.49,0.01,-9,-9
1,1,21,5,30,1993,-9,6,16,1993,-9,17.38,800,0.55,0.05,0.067,0.015,0.03076,0.00764,-9,-9,0.34,0.05,-9,-9
1,2,1,6,24,1992,-9,7,11,1992,-9,17.38,1500,1.87,0.08,0.15,0.004,0.01236,0.00341,-9,-9,1.13,0.01,-9,-9
1,2,2,7,11,1992,-9,7,28,1992,-9,17.38,1500,4.97,0.32,0.493,0.043,0.04389,0.003,-9,-9,3.16,0.08,-9,-9
1,2,3,7,28,1992,-9,8,14,1992,-9,17.38,1500,7.84,0.02,0.712,0.036,0.06167,0.00318,-9,-9,6.02,0.04,-9,-9
1,2,4,8,14,1992,-9,8,31,1992,-9,17.38,1500,4.11,0.44,0.425,0.022,0.03526,0.01708,-9,-9,4.03,0.19,-9,-9
1,2,5,8,31,1992,-9,9,17,1992,-9,17.38,1500,3.39,0.19,0.425,0.007,0.03716,0.00183,-9,-9,2.82,0.21,-9,-9
1,2,6,9,17,1992,-9,10,4,1992,-9,17.38,1500,4.88,0.05,0.403,0.036,0.03916,0.00116,-9,-9,3.93,0.33,-9,-9
1,2,7,10,4,1992,-9,10,21,1992,-9,17.38,1500,3.5,0.14,0.375,0.022,0.06149,0.00602,-9,-9,3.29,0.92,-9,-9
1,2,8,10,21,1992,-9,11,7,1992,-9,17.38,1500,2.5,0.02,0.288,0.022,0.02588,0.00133,-9,-9,2.07,0.18,-9,-9
1,2,9,11,7,1992,-9,11,24,1992,-9,17.38,1500,3.09,0.07,0.235,0,0.02612,0.00903,-9,-9,2.41,0.61,-9,-9
1,2,10,11,24,1992,-9,12,11,1992,-9,17.38,1500,3.5,0.11,0.245,0.007,0.04011,0.01102,-9,-9,3.72,0.01,-9,-9
1,2,11,12,11,1992,-9,12,28,1992,-9,17.38,1500,2.41,0.18,0.199,0.057,0.01531,0.00597,-9,-9,1.88,0.21,-9,-9
1,2,12,12,28,1992,-9,1,14,1993,-9,17.38,1500,2.47,0.2,0.26,0.007,0.02364,0.00542,-9,-9,1.92,0.09,-9,-9
1,2,13,1,14,1993,-9,1,31,1993,-9,17.38,1500,1.82,0.13,0.21,0.036,0.02349,0.00008,-9,-9,1.26,0.17,-9,-9
1,2,14,1,31,1993,-9,2,17,1993,-9,17.38,1500,2.32,0.4,0.249,0.029,0.03781,0.01129,-9,-9,1.8,0.12,-9,-9
1,2,15,2,17,1993,-9,3,6,1993,-9,17.38,1500,2.89,0.22,0.303,0.05,0.04231,0.00055,-9,-9,1.7,0.32,-9,-9
1,2,16,3,6,1993,-9,3,23,1993,-9,17.38,1500,4.1,0,0.285,0,0.02531,0.00157,-9,-9,3.2,0.73,-9,-9
1,2,17,3,23,1993,-9,4,9,1993,-9,17.38,1500,3.51,0.01,0.306,0.014,0.03974,0.00417,-9,-9,2.3,0.37,-9,-9
1,2,18,4,9,1993,-9,4,26,1993,-9,17.38,1500,2.19,0.1,0.238,0.007,0.01432,0.00025,-9,-9,1.66,0.16,-9,-9
1,2,19,4,26,1993,-9,5,13,1993,-9,17.38,1500,2.44,0.01,0.238,0.007,0.01696,0.00946,-9,-9,2.14,0.12,-9,-9
1,2,20,5,13,1993,-9,5,30,1993,-9,17.38,1500,2.85,0.04,0.278,0,0.02896,0.0054,-9,-9,2.38,0.07,-9,-9
1,2,21,5,30,1993,-9,6,16,1993,-9,17.38,1500,1.71,0.1,0.177,-9,0.01262,0.00194,-9,-9,1.09,0.01,-9,-9
1,3,1,6,24,1992,-9,7,11,1992,-9,17.38,2800,1.53,0.18,0.138,0.014,0.00838,0.00025,-9,-9,1.67,0.04,-9,-9
1,3,2,7,11,1992,-9,7,28,1992,-9,17.38,2800,2.48,0.03,0.191,0.007,0.01654,0.00045,-9,-9,2.79,0.44,-9,-9
1,3,3,7,28,1992,-9,8,14,1992,-9,17.38,2800,8.22,0.62,0.812,0.014,0.05253,0.00118,1.9,-9,7.22,1.46,-9,-9
1,3,4,8,14,1992,-9,8,31,1992,-9,17.38,2800,5.6,0.01,0.478,0.036,0.05739,0.00049,2.419,-9,6.72,2.44,-9,-9
1,3,5,8,31,1992,-9,9,17,1992,-9,17.38,2800,3.62,0.51,0.256,0.022,0.03672,0.02015,1.802,-9,4.27,0.54,-9,-9
1,3,6,9,17,1992,-9,10,4,1992,-9,17.38,2800,3.23,0.01,0.227,0.007,0.02118,0.00358,1.687,-9,3.15,0.56,-9,-9
1,3,7,10,4,1992,-9,10,21,1992,-9,17.38,2800,2.67,0.01,0.202,0.029,0.01419,0.0015,1.392,-9,2.88,0.25,-9,-9
1,3,8,10,21,1992,-9,11,7,1992,-9,17.38,2800,3.21,0.01,0.22,0.022,0.02197,0.00004,1.693,-9,3.59,0.1,-9,-9
1,3,9,11,7,1992,-9,11,24,1992,-9,17.38,2800,2.49,0.09,0.166,0,0.02448,0.01246,1.017,-9,3.24,0.03,-9,-9
1,3,10,11,24,1992,-9,12,11,1992,-9,17.38,2800,3.53,0.06,0.209,0,0.01633,0.00047,1.096,-9,3.45,0.01,-9,-9
1,3,11,12,11,1992,-9,12,28,1992,-9,17.38,2800,2.03,1.51,0.159,0,0.01289,0.00146,1.048,-9,2.09,0.02,-9,-9
1,3,12,12,28,1992,-9,1,14,1993,-9,17.38,2800,2.2,0.44,0.209,0.1,0.0114,0.00344,0.838,-9,1.9,0.02,-9,-9
1,3,13,1,14,1993,-9,1,31,1993,-9,17.38,2800,1.48,0.01,0.127,0.022,0.00895,0.00271,0.959,-9,1.41,0.1,-9,-9
1,3,14,1,31,1993,-9,2,17,1993,-9,17.38,2800,1.76,0.09,0.145,0.014,0.00953,0.00239,0.863,-9,1.52,0.08,-9,-9
1,3,15,2,17,1993,-9,3,6,1993,-9,17.38,2800,2.45,0.08,0.191,0.007,0.01352,0.00032,0.93,-9,2.21,0.21,-9,-9
1,3,16,3,6,1993,-9,3,23,1993,-9,17.38,2800,2.96,0.01,0.224,0,0.01843,0.00425,1.776,-9,2.6,0.02,-9,-9
1,3,17,3,23,1993,-9,4,9,1993,-9,17.38,2800,3.42,0.84,0.238,0.014,0.01645,0.00133,1.23,-9,3.07,0.02,-9,-9
1,3,18,4,9,1993,-9,4,26,1993,-9,17.38,2800,3.78,0.16,0.278,0.036,0.03058,0.00285,1.511,-9,4.02,0.34,-9,-9
1,3,19,4,26,1993,-9,5,13,1993,-9,17.38,2800,2.79,0.1,0.213,0.007,0.03997,0.00237,1.008,-9,3.01,0.07,-9,-9
1,3,20,5,13,1993,-9,5,30,1993,-9,17.38,2800,2.79,0.15,0.231,0.014,0.02493,0.00386,1.51,-9,2.82,0.22,-9,-9
1,3,21,5,30,1993,-9,6,16,1993,-9,17.38,2800,2.97,0.86,0.356,0.13,0.02068,0.00175,1.069,-9,2.45,0.14,-9,-9
1,4,1,6,24,1992,-9,7,11,1992,-9,17.38,4000,1.88,0.21,0.093,0,0.00623,0.0019,-9,-9,1.55,0.07,-9,-9
1,4,2,7,11,1992,-9,7,28,1992,-9,17.38,4000,2.12,0.11,0.116,0.012,0.02045,0.00214,-9,-9,2.74,0.07,-9,-9
1,4,3,7,28,1992,-9,8,14,1992,-9,17.38,4000,6.35,0.14,0.551,0,0.04271,0.00311,1.631,-9,6.03,0.2,1.4,1.32
1,4,4,8,14,1992,-9,8,31,1992,-9,17.38,4000,4.79,0.07,0.455,0.017,0.0398,0.0045,1.507,-9,4.63,0.18,1.18,0.09
1,4,5,8,31,1992,-9,9,17,1992,-9,17.38,4000,3.95,0.08,0.232,0.012,0.04338,0.0077,1.796,-9,5.94,0.39,-9,-9
1,4,6,9,17,1992,-9,10,4,1992,-9,17.38,4000,2.91,0.1,0.168,0.012,0.02812,0.00017,1.063,-9,4.24,0.17,1.24,3.15
1,4,7,10,4,1992,-9,10,21,1992,-9,17.38,4000,3.19,0.28,0.174,0.023,0.03028,0.00245,1.178,-9,4.69,0.19,4.71,8.15
1,4,8,10,21,1992,-9,11,7,1992,-9,17.38,4000,2.8,0.01,0.159,0.017,0.02535,0.00064,1.131,-9,3.44,0.08,-9,-9
1,4,9,11,7,1992,-9,11,24,1992,-9,17.38,4000,2.81,0.04,0.13,0.017,0.02343,0.00443,1.005,-9,3.45,0.13,1.5,0.34
1,4,10,11,24,1992,-9,12,11,1992,-9,17.38,4000,2.39,0.24,0.125,0.041,0.01379,0.00402,0.878,-9,2.76,0.13,1.4,0.24
1,4,11,12,11,1992,-9,12,28,1992,-9,17.38,4000,2.33,0.14,0.099,0.012,0.01149,0.0043,0.854,-9,2.9,0.13,2.16,0.23
1,4,12,12,28,1992,-9,1,14,1993,-9,17.38,4000,2,0.04,0.061,0.017,0.01398,0.00586,0.867,-9,2.35,0.09,1.81,0.08
1,4,13,1,14,1993,-9,1,31,1993,-9,17.38,4000,1.86,0.07,0.119,0.006,0.01833,0.0033,0.785,-9,1.95,0.14,2.5,1.05
1,4,14,1,31,1993,-9,2,17,1993,-9,17.38,4000,1.59,0.12,0.09,0.006,0.01172,0.00355,0.708,-9,1.58,0.11,1.12,0.37
1,4,15,2,17,1993,-9,3,6,1993,-9,17.38,4000,1.78,0.02,0.099,0.012,0.01584,0.00294,1.054,-9,1.85,0.11,1.98,0.53
1,4,16,3,6,1993,-9,3,23,1993,-9,17.38,4000,2.51,0.17,0.145,0.023,0.02133,0.00086,1.593,-9,3.42,0.26,2.89,0.21
1,4,17,3,23,1993,-9,4,9,1993,-9,17.38,4000,3.57,0.35,0.212,0.064,0.02675,0.00094,1.51,-9,5.52,0.07,1.68,1.08
1,4,18,4,9,1993,-9,4,26,1993,-9,17.38,4000,3.54,0.11,0.18,0.012,0.03025,0.00204,1.296,-9,4.57,0.03,1.83,2.16
1,4,19,4,26,1993,-9,5,13,1993,-9,17.38,4000,2.06,0.02,0.128,0.012,0.01901,0.00008,0.928,-9,2.74,0.13,3.43,1.1
1,4,20,5,13,1993,-9,5,30,1993,-9,17.38,4000,2.32,0.02,0.139,0.012,0.02427,0.00164,1.215,-9,3.04,0.2,3.14,1.36
1,4,21,5,30,1993,-9,6,16,1993,-9,17.38,4000,2.39,-9,0.174,-9,0.02107,0.00841,1.054,-9,3.25,0.06,2.72,0.13
2,1,1,9,13,1993,0,10,1,1993,5,18.2,800,0.87,0.05,0.07,0,0.01155,0.00125,-9,0.149,2.74,0.49,-9,-9
2,1,2,10,1,1993,5,10,19,1993,10,18.2,800,1.55,0.08,0.19,0.01,0.05357,0.00592,-9,0.232,2.93,0.18,-9,-9
2,1,3,10,19,1993,10,11,6,1993,15,18.2,800,1.13,0.08,0.12,0.01,0.04566,0.00038,-9,0.217,3.67,0.34,-9,-9
2,1,4,11,6,1993,15,11,24,1993,20,18.2,800,1.95,0.12,0.16,0.01,0.03036,0.00806,-9,0.383,4.86,0.33,-9,-9
2,1,5,11,24,1993,20,12,13,1993,1,18.2,800,3.46,0.52,0.19,0,0.03137,0.00188,-9,0.304,8.92,0.11,-9,-9
2,1,6,12,13,1993,1,12,31,1993,6,18.2,800,1.56,0.09,0.14,0.01,0.02219,0.00595,-9,0.276,4.48,0.43,-9,-9
2,1,7,12,31,1993,6,1,18,1994,11,18.2,800,0.86,0.11,0.09,0.02,0.02236,0.00303,-9,0.156,2.29,0.04,-9,-9
2,1,8,1,18,1994,11,2,5,1994,16,18.2,800,1.04,0.07,0.09,0.01,0.01251,0.00311,-9,0.222,3.07,0.15,-9,-9
2,1,9,2,5,1994,16,2,23,1994,21,18.2,800,2.07,0.22,0.19,0.05,0.01846,0.00266,-9,0.429,6.47,0.74,-9,-9
2,1,10,2,23,1994,21,3,14,1994,2,18.2,800,2.4,0.05,0.25,0.01,0.06856,0.00495,-9,0.379,6.85,0.16,-9,-9
2,1,11,3,14,1994,2,4,1,1994,7,18.2,800,2.29,0.2,0.21,0.02,0.02878,0.00803,-9,0.492,5.96,0.04,-9,-9
2,1,12,4,1,1994,7,4,19,1994,12,18.2,800,3.48,0.41,0.22,0.04,0.02769,0.00546,-9,0.686,6.19,0.78,-9,-9
2,1,13,4,19,1994,12,5,7,1994,17,18.2,800,2.47,0.03,0.22,0.02,0.03526,0.00041,-9,0.6,6.94,0.27,-9,-9
2,1,14,5,7,1994,17,5,25,1994,22,18.2,800,0.79,0.07,0.07,0.01,0.01277,0.00152,-9,0.194,2.67,0.1,-9,-9
2,1,15,5,25,1994,22,6,13,1994,3,18.2,800,0.86,0.09,0.07,0.01,0.00936,0.00034,-9,0.235,2.47,0.24,-9,-9
2,1,16,6,13,1994,3,7,1,1994,8,18.2,800,4.62,0.38,0.38,0,0.05103,0.02805,-9,0.693,11.15,0.87,-9,-9
2,1,17,7,1,1994,8,7,19,1994,13,18.2,800,2.07,0.14,0.2,0.02,0.0384,0.00398,-9,0.552,5.4,0.44,-9,-9
2,1,18,7,19,1994,13,8,6,1994,18,18.2,800,0.63,0.06,0.06,0,0.01644,0.00025,-9,0.102,1.7,0.22,-9,-9
2,1,19,8,6,1994,18,8,24,1994,23,18.2,800,0.22,0.02,0.03,0,0.00504,0.00023,-9,0.047,0.37,0.06,-9,-9
2,1,20,8,24,1994,23,9,12,1994,4,18.2,800,0.51,0.05,0.05,0,0.02485,0.01775,-9,0.097,1.05,0.07,-9,-9
2,1,21,9,12,1994,4,9,30,1994,9,18.2,800,0.83,0.08,0.09,0.01,0.01376,0.00074,-9,0.116,2.12,0.09,-9,-9
2,2,1,9,13,1993,0,10,1,1993,5,18.2,1500,1.23,0.1,0.08,0.01,0.00931,0.00221,-9,0.329,3.26,0.45,-9,-9
2,2,2,10,1,1993,5,10,19,1993,10,18.2,1500,1.11,0.03,0.08,0,0.01615,0.00333,-9,0.299,2.78,0.76,-9,-9
2,2,3,10,19,1993,10,11,6,1993,15,18.2,1500,0.33,0.01,0.02,0,0.00358,0.00132,-9,0.132,0.93,0.01,-9,-9
2,2,4,11,6,1993,15,11,24,1993,20,18.2,1500,1.31,0.07,0.08,0.01,0.00956,0.00158,-9,0.394,3.86,0.26,-9,-9
2,2,5,11,24,1993,20,12,13,1993,1,18.2,1500,2.7,0.23,0.15,0.01,0.01383,0.00136,-9,0.593,6.72,0.21,-9,-9
2,2,6,12,13,1993,1,12,31,1993,6,18.2,1500,1.63,0.02,0.11,0,0.01511,0.00012,-9,0.381,5.61,0.03,-9,-9
2,2,7,12,31,1993,6,1,18,1994,11,18.2,1500,1.82,0.03,0.12,0.01,0.01568,0.00086,-9,0.576,7.07,0.05,-9,-9
2,2,8,1,18,1994,11,2,5,1994,16,18.2,1500,2.37,0.03,0.16,0,0.01779,0.00219,-9,0.709,8.64,0.28,-9,-9
2,2,9,2,5,1994,16,2,23,1994,21,18.2,1500,2.33,0.01,0.15,0,0.01737,0.00059,-9,0.801,8.59,0.34,-9,-9
2,2,10,2,23,1994,21,3,14,1994,2,18.2,1500,2.5,0.06,0.17,0.01,0.01844,0.00163,-9,0.876,8.74,0.32,-9,-9
2,2,11,3,14,1994,2,4,1,1994,7,18.2,1500,3.2,0.22,0.28,0.01,0.0901,0.00848,-9,0.723,9.86,1.97,-9,-9
2,2,12,4,1,1994,7,4,19,1994,12,18.2,1500,3.4,0.23,0.24,0.03,0.05844,0.00644,-9,1.077,11.46,0.08,-9,-9
2,2,13,4,19,1994,12,5,7,1994,17,18.2,1500,2.73,0.03,0.19,0,0.01715,0.00272,-9,0.905,8.6,0.57,-9,-9
2,2,14,5,7,1994,17,5,25,1994,22,18.2,1500,1.81,0.1,0.14,0.01,0.02187,0.00015,-9,0.518,5.72,0.11,-9,-9
2,2,15,5,25,1994,22,6,13,1994,3,18.2,1500,3.51,0.09,0.23,0.02,0.01895,0.00003,-9,0.731,11.86,2.49,-9,-9
2,2,16,6,13,1994,3,7,1,1994,8,18.2,1500,1.44,0.04,0.16,0.01,0.01354,0.00115,-9,0.294,3.21,0.08,-9,-9
2,2,17,7,1,1994,8,7,19,1994,13,18.2,1500,0.95,0.03,0.09,0,0.01238,0.00088,-9,0.521,3.78,0.07,-9,-9
2,2,18,7,19,1994,13,8,6,1994,18,18.2,1500,4.09,0.53,0.35,0.04,0.01803,0.00047,-9,1.395,9.88,0.35,-9,-9
2,2,19,8,6,1994,18,8,24,1994,23,18.2,1500,1.74,0.11,0.14,0.01,0.0357,0.00082,-9,0.567,5.61,0.07,-9,-9
2,2,20,8,24,1994,23,9,12,1994,4,18.2,1500,1.38,0.08,0.09,0.01,0.01764,0.00207,-9,0.454,4.72,0.09,-9,-9
2,2,21,9,12,1994,4,9,30,1994,9,18.2,1500,0.49,0.03,0.03,0.01,0.00838,0.00104,-9,0.203,2.31,0.23,-9,-9
2,3,4,11,6,1993,15,11,24,1993,20,18.2,2800,2.05,0.11,0.11,0,0.01886,0.00245,1.381,0.69,9.17,0.28,-9,-9
2,3,5,11,24,1993,20,12,13,1993,1,18.2,2800,2.26,0.05,0.12,0,0.01343,0.00116,1.377,0.829,8.78,0.45,-9,-9
2,3,6,12,13,1993,1,12,31,1993,6,18.2,2800,2.45,0.02,0.13,0,0.02015,0.00079,1.523,0.781,10.52,1.7,-9,-9
2,3,7,12,31,1993,6,1,18,1994,11,18.2,2800,1.67,0.03,0.09,0.01,0.01368,0.00066,0.885,0.545,6.53,0.24,-9,-9
2,3,8,1,18,1994,11,2,5,1994,16,18.2,2800,2.5,0.02,0.13,0.01,0.02404,0.01774,1.288,0.973,9.72,0.54,-9,-9
2,3,9,2,5,1994,16,2,23,1994,21,18.2,2800,2.48,0.06,0.12,0.01,0.01939,0.00245,1.175,1.002,9.75,0.06,-9,-9
2,3,10,2,23,1994,21,3,14,1994,2,18.2,2800,2.25,0.03,0.12,0,0.02083,0.00149,0.992,0.91,8.32,0.09,-9,-9
2,3,11,3,14,1994,2,4,1,1994,7,18.2,2800,3.11,0.1,0.13,0.01,0.01249,0.00176,1.373,1.059,14.94,3.18,-9,-9
2,3,12,4,1,1994,7,4,19,1994,12,18.2,2800,3.07,0.22,0.13,0.01,0.01615,0.00033,1.756,1.029,12.37,0.04,-9,-9
2,3,13,4,19,1994,12,5,7,1994,17,18.2,2800,3.26,0.02,0.19,0.01,0.01987,0.0013,1.348,1.411,11.79,0.72,-9,-9
2,3,14,5,7,1994,17,5,25,1994,22,18.2,2800,2.88,0.04,0.21,0.01,0.03183,0.00502,1.298,1.198,9.17,0.1,-9,-9
2,3,15,5,25,1994,22,6,13,1994,3,18.2,2800,3.39,0.02,0.21,0.02,0.01831,0.00046,1.445,1.233,10.58,1.32,-9,-9
2,3,16,6,13,1994,3,7,1,1994,8,18.2,2800,2.8,0.03,0.18,0,0.01894,0.00247,1.223,1.369,10.47,0.06,-9,-9
2,3,17,7,1,1994,8,7,19,1994,13,18.2,2800,2.96,0.06,0.17,0,0.01339,0.00274,1.311,1.498,10.22,0.92,-9,-9
2,3,18,7,19,1994,13,8,6,1994,18,18.2,2800,1.9,0.02,0.14,0,0.0063,0.00037,1.129,0.945,6.4,0.56,-9,-9
2,4,1,9,13,1993,0,10,1,1993,5,18.2,4000,1.8,0.03,0.1,0.01,0.0111,0.00138,0.849,0.727,7.61,0.15,3.93,1.33
2,4,2,10,1,1993,5,10,19,1993,10,18.2,4000,2.14,0.02,0.11,0.01,0.01892,0.00083,1.212,0.86,9.45,0.6,2.81,0.3
2,4,3,10,19,1993,10,11,6,1993,15,18.2,4000,2.65,0.06,0.11,0.01,0.01679,0.00221,1.22,0.766,11.15,0.61,2.31,0.61
2,4,4,11,6,1993,15,11,24,1993,20,18.2,4000,1.77,0.06,0.08,0,0.01553,0.00006,0.829,0.608,8.6,0.01,3.02,0.19
2,4,5,11,24,1993,20,12,13,1993,1,18.2,4000,2.57,0.09,0.09,0,0.01282,0.00172,1.136,0.701,9.52,0.65,3.79,1.23
2,4,6,12,13,1993,1,12,31,1993,6,18.2,4000,2.46,0.01,0.09,0,0.00964,0.00093,0.912,0.611,10.48,0.63,3.5,0.1
2,4,7,12,31,1993,6,1,18,1994,11,18.2,4000,1.25,0.11,0.06,0.01,0.0085,0.00018,0.701,0.49,5.13,0.02,3.01,0.62
2,4,8,1,18,1994,11,2,5,1994,16,18.2,4000,1.92,0.01,0.12,0,0.00749,0.00077,0.943,0.875,9.83,0.66,2.63,1.1
2,4,9,2,5,1994,16,2,23,1994,21,18.2,4000,1.8,0.02,0.13,0,0.0155,0.00507,0.842,0.882,7.84,0.58,0.89,0.08
2,4,10,2,23,1994,21,3,14,1994,2,18.2,4000,2.02,0.07,0.14,0,0.00744,0.00234,1.02,1.037,8.38,0.67,1.76,0.2
2,4,11,3,14,1994,2,4,1,1994,7,18.2,4000,2.04,0.05,0.13,0.01,0.01214,0.00224,1.382,0.875,10.09,0.86,2.59,0.4
2,4,12,4,1,1994,7,4,19,1994,12,18.2,4000,2.72,0.02,0.14,0,0.01532,0.00043,1.777,1.017,9.93,0.08,1.59,0.15
2,4,13,4,19,1994,12,5,7,1994,17,18.2,4000,2.01,0.06,0.13,0.01,0.01381,0.00149,1.282,1.017,9.19,0.56,1.63,0.53
2,4,14,5,7,1994,17,5,25,1994,22,18.2,4000,2.54,0.09,0.16,0,0.01808,0.00124,1.192,1.194,10.82,0.07,2.07,0.57
2,4,15,5,25,1994,22,6,13,1994,3,18.2,4000,2.35,0.01,0.13,0,0.01886,0.00123,1.04,0.852,9.1,0.33,1.37,0.1
2,4,16,6,13,1994,3,7,1,1994,8,18.2,4000,2.38,0.02,0.15,0.02,0.01822,0.00057,1.329,0.968,7.98,0.2,1.98,0.51
2,4,17,7,1,1994,8,7,19,1994,13,18.2,4000,2.27,0.06,0.12,0,0.00821,0.00059,1.247,1.233,8.39,0.15,1.75,0.68
2,4,18,7,19,1994,13,8,6,1994,18,18.2,4000,3.46,0.03,0.21,0,0.01204,0.00135,1.413,1.638,11.01,0.29,0.63,0.14
2,4,19,8,6,1994,18,8,24,1994,23,18.2,4000,7.04,0.15,0.53,0.01,0.02876,0.00061,1.481,3.588,21.46,0.04,-0.07,0.83
2,4,20,8,24,1994,23,9,12,1994,4,18.2,4000,3.36,0.03,0.21,0.04,0.03363,0.00027,1.466,1.331,13.46,1.82,1.85,1.04
2,4,21,9,12,1994,4,9,30,1994,9,18.2,4000,1.88,0.02,0.1,0,0.01794,0.00091,1.062,0.848,8.24,0.56,2.1,0.16
3,4,1,5,10,1995,12,5,17,1995,18,7.25,4000,1.2,0.05,0.058,0.01,0.00307,-9,0.659,0.916,7.3,1.91,-9,-9
3,4,2,5,17,1995,18,5,25,1995,0,7.25,4000,1.19,0.08,0.063,0.007,0.00624,-9,0.618,0.733,7.39,1.75,-9,-9
3,4,3,5,25,1995,0,6,1,1995,6,7.25,4000,2.49,0.34,0.129,0.014,0.00873,-9,1.062,1.053,10.59,1.05,-9,-9
3,4,4,6,1,1995,6,6,8,1995,12,7.25,4000,1.62,0.01,0.08,0.009,0.0071,-9,0.806,0.748,7.35,0.31,-9,-9
3,4,5,6,8,1995,12,6,15,1995,18,7.25,4000,4.07,0.37,0.203,0.023,0.02147,-9,1.73,1.792,17.32,0.78,-9,-9
3,4,6,6,15,1995,18,6,23,1995,0,7.25,4000,2.51,0.05,0.109,0.011,0.01249,-9,1.079,1.154,8.98,0.68,-9,-9
3,4,7,6,23,1995,0,6,30,1995,6,7.25,4000,2.71,0.42,0.128,0.013,0.01416,-9,1.25,1.041,10.11,0.51,-9,-9
3,4,8,6,30,1995,6,7,7,1995,12,7.25,4000,2.19,0,0.128,0.021,0.01361,-9,0.916,1.022,8.82,0.73,-9,-9
3,4,9,7,7,1995,12,7,14,1995,18,7.25,4000,3.88,0.1,0.208,0.002,0.03172,-9,1.782,2.129,18.93,0.7,-9,-9
3,4,10,7,14,1995,18,7,22,1995,0,7.25,4000,4.23,0.3,0.183,0.016,0.02962,-9,1.746,2.337,21.53,0.21,-9,-9
3,4,11,7,22,1995,0,7,29,1995,6,7.25,4000,3.84,0.15,0.175,0.004,0.02992,-9,1.608,1.883,19.6,0.73,-9,-9
3,4,12,7,29,1995,6,8,5,1995,12,7.25,4000,3.04,0.08,0.144,0,0.02607,-9,1.123,1.309,13.68,0.37,-9,-9
3,4,13,8,5,1995,12,8,12,1995,18,7.25,4000,4.01,0.03,0.199,0.016,0.03216,-9,1.746,1.894,22.08,0.33,-9,-9
3,4,14,8,12,1995,18,8,20,1995,0,7.25,4000,2.78,0.15,0.123,0.011,0.02881,-9,1.255,1.179,14.52,0.94,-9,-9
3,4,15,8,20,1995,0,8,27,1995,6,7.25,4000,3.18,0.11,0.1,0.019,0.01881,-9,1.338,1.249,14.99,1.85,-9,-9
3,4,16,8,27,1995,6,9,3,1995,12,7.25,4000,3.38,0.07,0.105,0,0.02348,-9,1.308,1.669,17.29,2.06,-9,-9
3,4,17,9,3,1995,12,9,10,1995,18,7.25,4000,6.18,0.45,0.219,0.037,0.05782,-9,2.4,3.398,30.6,2.65,-9,-9
3,4,18,9,10,1995,18,9,18,1995,0,7.25,4000,3.27,0.04,0.121,0.001,0.01794,-9,1.683,1.765,15.69,1.4,-9,-9
3,4,19,9,18,1995,0,9,25,1995,6,7.25,4000,3.46,0.05,0.139,0.014,0.0334,-9,1.581,1.683,19.45,3.04,-9,-9
3,4,20,9,25,1995,6,10,2,1995,12,7.25,4000,2.68,0.3,0.11,0.028,0.02836,-9,1.101,1.29,13.03,0.43,-9,-9
3,4,21,10,2,1995,12,10,9,1995,18,7.25,4000,2.76,0.1,0.113,0.007,0.02414,-9,1.346,1.672,15.27,3.3,-9,-9
4,1,1,11,15,1995,0,11,30,1995,5,15.21,1500,1.07,0.02,0.062,0.005,0.00874,0.00097,0.587,0.322,8.18,0.35,-9,-9
4,1,2,11,30,1995,5,12,15,1995,10,15.21,1500,2.62,0.16,0.198,0.023,0.02923,0.00299,0.953,0.632,8.28,0.81,-9,-9
4,1,3,12,15,1995,10,12,30,1995,15,15.21,1500,1.8,0.04,0.178,0.009,0.04061,0.00241,0.573,0.361,5.49,0.44,-9,-9
4,1,4,12,30,1995,15,1,14,1996,20,15.21,1500,1.51,0.11,0.09,0.007,0.02086,0.00332,0.589,0.358,4.81,1.18,-9,-9
4,1,5,1,14,1996,20,1,30,1996,1,15.21,1500,0.95,0.01,0.057,0.003,0.0114,0.00126,0.401,0.181,2.66,0.83,-9,-9
4,1,6,1,30,1996,1,2,14,1996,6,15.21,1500,1.32,0.11,0.095,0.013,0.01394,0.00365,0.426,0.274,3.63,0.08,-9,-9
4,1,7,2,14,1996,6,2,29,1996,11,15.21,1500,0.75,0.04,0.054,0.01,0.01087,0.00225,0.26,0.204,6.23,1.08,-9,-9
4,1,8,2,29,1996,11,3,15,1996,16,15.21,1500,1.9,0.03,0.11,0.003,0.01001,0.0005,0.671,0.368,8.45,1.07,-9,-9
4,1,9,3,15,1996,16,3,30,1996,21,15.21,1500,2.21,0.17,0.15,0.017,0.01592,0.00242,0.606,0.582,6.86,0.48,-9,-9
4,1,10,3,30,1996,21,4,15,1996,2,15.21,1500,2.89,0.15,0.18,0.011,0.0158,0.00268,1.14,0.96,10.24,0.35,-9,-9
4,1,11,4,15,1996,2,4,30,1996,7,15.21,1500,2.32,0.1,0.177,0.009,0.02996,0.00141,0.906,0.787,7.8,0.39,-9,-9
4,1,12,4,30,1996,7,5,15,1996,12,15.21,1500,3.32,0.03,0.232,0.011,0.02501,0.00269,1.161,1.025,12,3.55,-9,-9
4,1,13,5,15,1996,12,5,30,1996,17,15.21,1500,3.13,0.19,0.228,0.023,0.02353,0.001,0.943,0.777,8.14,0.52,-9,-9
4,1,14,5,30,1996,17,6,14,1996,22,15.21,1500,3.25,0.2,0.237,0.024,0.03051,0.00234,1.185,0.938,8.6,0.8,-9,-9
4,1,15,6,14,1996,22,6,30,1996,3,15.21,1500,3.73,0.19,0.259,0.025,0.02684,0.00074,1.122,1.023,12.49,0.87,-9,-9
4,1,16,6,30,1996,3,7,15,1996,8,15.21,1500,6.1,0.48,0.406,0.025,0.09316,0.03385,1.886,1.751,21.62,0.23,-9,-9
4,1,17,7,15,1996,8,7,30,1996,13,15.21,1500,6.24,0.53,0.381,0.036,0.04117,0.00255,2.155,1.428,22.55,5.08,-9,-9
4,1,18,7,30,1996,13,8,14,1996,18,15.21,1500,7.9,0.28,0.463,0.039,0.06336,0.00523,3.253,1.993,29.96,2.96,-9,-9
4,1,19,8,14,1996,18,8,29,1996,23,15.21,1500,5.75,0.81,0.329,0.026,0.05121,0.00161,2.578,1.331,17.58,4.09,-9,-9
4,1,20,8,29,1996,23,9,14,1996,4,15.21,1500,1.35,0.06,0.093,0.011,0.01064,0.0019,0.573,0.262,5.69,0.64,-9,-9
4,1,21,9,14,1996,4,9,29,1996,9,15.21,1500,2.21,0.06,0.14,0.006,0.01243,0.00219,0.957,0.753,6.18,0.56,-9,-9
4,2,1,11,15,1995,0,11,30,1995,5,15.21,2800,1.48,0.09,0.096,0.01,0.01357,0.00043,0.547,0.491,5.09,0.22,-9,-9
4,2,2,11,30,1995,5,12,15,1995,10,15.21,2800,2.62,0.12,0.167,0.017,0.01167,0.00252,1.032,0.821,9.42,0.64,-9,-9
4,2,3,12,15,1995,10,12,30,1995,15,15.21,2800,1.88,0.11,0.147,0.023,0.00724,0.00226,0.743,0.556,6.28,0.66,-9,-9
4,2,4,12,30,1995,15,1,14,1996,20,15.21,2800,2.42,0.08,0.189,0.006,0.01178,0.0025,0.877,0.801,9.69,0.05,-9,-9
4,2,5,1,14,1996,20,1,30,1996,1,15.21,2800,2.28,0.48,0.135,0.012,0.01493,0.0019,0.679,0.793,6.96,1.24,-9,-9
4,2,6,1,30,1996,1,2,14,1996,6,15.21,2800,2.27,0.17,0.155,0.04,0.01164,0.00243,0.999,0.898,8.84,0.31,-9,-9
4,2,7,2,14,1996,6,2,29,1996,11,15.21,2800,2.74,0.2,0.2,0.016,0.0144,0.00171,0.886,1.172,9.32,0.39,-9,-9
4,2,8,2,29,1996,11,3,15,1996,16,15.21,2800,2.08,0.13,0.146,0.015,0.01562,0.00314,0.788,0.942,9.05,1.83,-9,-9
4,2,9,3,15,1996,16,3,30,1996,21,15.21,2800,3.35,0.18,0.289,0.009,0.03576,0.00322,0.965,1.203,10.59,0.32,-9,-9
4,2,10,3,30,1996,21,4,15,1996,2,15.21,2800,3.45,0.29,0.24,0.027,0.02497,0.00372,1.157,1.286,12.88,0.16,-9,-9
4,2,11,4,15,1996,2,4,30,1996,7,15.21,2800,2.61,0.06,0.152,0.016,0.02776,0.00144,1.186,1.198,9.24,0.43,-9,-9
4,2,12,4,30,1996,7,5,15,1996,12,15.21,2800,2.33,0.09,0.121,0.004,0.01492,0.00053,0.968,0.783,8.11,0.02,-9,-9
4,2,13,5,15,1996,12,5,30,1996,17,15.21,2800,2.78,0.05,0.144,0.028,0.01675,0.00099,1.04,1.169,12.1,3.12,-9,-9
4,2,14,5,30,1996,17,6,14,1996,22,15.21,2800,3.03,0.02,0.162,0.01,0.02939,0.00209,1.194,1.073,9.84,1.13,-9,-9
4,2,15,6,14,1996,22,6,30,1996,3,15.21,2800,3.88,0.24,0.191,0.018,0.01943,0.00453,1.457,1.378,13.9,0.41,-9,-9
4,2,16,6,30,1996,3,7,15,1996,8,15.21,2800,5.59,0.22,0.242,0.015,0.01977,0.00026,2.471,1.777,19.17,0.87,-9,-9
4,2,17,7,15,1996,8,7,30,1996,13,15.21,2800,4.72,0.16,0.204,0.041,0.03862,0.00065,1.721,1.638,13.8,1.63,-9,-9
4,2,18,7,30,1996,13,8,14,1996,18,15.21,2800,5.28,0.46,0.258,0.026,0.02825,0.00263,1.67,1.904,18.29,0.84,-9,-9
4,2,19,8,14,1996,18,8,29,1996,23,15.21,2800,3.89,0.7,0.161,0.028,0.02231,0.00118,1.595,1.456,14.44,0.64,-9,-9
4,2,20,8,29,1996,23,9,14,1996,4,15.21,2800,3.24,0.42,0.106,0.03,0.01599,0.00176,1.365,1.2,13.32,0.6,-9,-9
4,2,21,9,14,1996,4,9,29,1996,9,15.21,2800,3.48,0.21,0.136,0.03,0.02836,0.00072,1.197,1.399,12.27,0.39,-9,-9
4,3,1,11,15,1995,0,11,30,1995,5,15.21,4000,1.44,0.86,0.117,0.119,0.0071,0.0005,0.493,0.265,3.91,0.12,2.55,0.45
4,3,2,11,30,1995,5,12,15,1995,10,15.21,4000,1.94,0.11,0.115,0.002,0.01375,0.00196,0.949,0.717,9.08,0.68,2.27,0.87
4,3,3,12,15,1995,10,12,30,1995,15,15.21,4000,1.58,0.05,0.104,0.014,0.0108,0.00084,0.673,0.431,5.84,0.19,2.77,0.3
4,3,4,12,30,1995,15,1,14,1996,20,15.21,4000,1.81,0.1,0.112,0.009,0.01045,0.00161,0.935,1.396,6.1,0.35,1.82,0.24
4,3,5,1,14,1996,20,1,30,1996,1,15.21,4000,2.14,0.16,0.141,0.011,0.01537,0.00055,0.848,0.69,7.93,1.01,2.38,1.01
4,3,6,1,30,1996,1,2,14,1996,6,15.21,4000,1.6,0.04,0.112,0.006,0.01165,0.00173,0.647,0.629,5.2,0.33,2.67,0.57
4,3,7,2,14,1996,6,2,29,1996,11,15.21,4000,1.65,0.11,0.121,0.013,0.01655,0,0.598,0.543,5.22,1.53,1.41,1.18
4,3,8,2,29,1996,11,3,15,1996,16,15.21,4000,1.94,0.05,0.131,0.007,0.0109,0.00167,0.802,0.682,6.18,0.25,2.1,0.34
4,3,9,3,15,1996,16,3,30,1996,21,15.21,4000,1.95,0.07,0.152,0.014,0.03475,0.00265,0.708,0.725,6.64,0.55,1.48,0.04
4,3,10,3,30,1996,21,4,15,1996,2,15.21,4000,2.08,0.07,0.149,0.014,0.01273,0.0023,0.838,0.853,6.02,0.48,1.56,0.1
4,3,11,4,15,1996,2,4,30,1996,7,15.21,4000,2.39,0.06,0.182,0.006,0.01279,0.00056,1.053,1.183,6.74,1.41,1.19,0.45
4,3,12,4,30,1996,7,5,15,1996,12,15.21,4000,2.31,0.01,0.188,0.003,0.01472,0.00056,0.993,0.857,9.84,1.28,2.35,2.66
4,3,13,5,15,1996,12,5,30,1996,17,15.21,4000,1.96,0.01,0.073,-9,0.0147,0.00242,0.788,0.708,7.03,0.33,2.02,0.2
4,3,14,5,30,1996,17,6,14,1996,22,15.21,4000,2.27,0.1,0.091,0.008,0.01461,0.00037,0.931,1.032,7.51,0.62,1.75,0.2
4,3,15,6,14,1996,22,6,30,1996,3,15.21,4000,2.68,0.04,0.116,0.033,0.02403,0.00246,1.103,1.05,9.91,0.01,2.55,0.87
4,3,16,6,30,1996,3,7,15,1996,8,15.21,4000,4,0.13,0.185,0.007,0.02186,0.00081,1.829,1.184,18.51,1.24,1.49,0.09
4,3,17,7,15,1996,8,7,30,1996,13,15.21,4000,5.03,0.34,0.263,0.042,0.02621,0.00293,2.316,1.395,15.09,1.53,1.77,0.02
4,3,18,7,30,1996,13,8,14,1996,18,15.21,4000,3.65,0.2,0.253,0.025,0.11888,0.01298,1.178,1.243,14.57,0.95,1.79,0.1
4,3,19,8,14,1996,18,8,29,1996,23,15.21,4000,3.43,0,0.181,0.009,0.04905,0.01207,1.426,1.525,13.2,1.07,1.99,0.29
4,3,20,8,29,1996,23,9,14,1996,4,15.21,4000,2.42,0.15,0.124,0.018,0.01677,0.00365,0.882,0.883,8.13,0.04,2.3,0.18
4,3,21,9,14,1996,4,9,29,1996,9,15.21,4000,2.29,0.24,0.093,0.004,0.01552,0.00025,0.936,0.788,8.48,0.85,2.34,0.31
5,1,1,10,9,1996,12,10,26,1996,12,17,1500,2.4,0.06,0.13,0.01,0.01236,0.00173,1.847,0.509,12.7,0.34,-9,-9
5,1,2,10,26,1996,12,11,12,1996,12,17,1500,3.37,0.43,0.18,0.05,0.01794,0.00385,1.659,0.47,14.68,0.34,-9,-9
5,1,3,11,12,1996,12,11,29,1996,12,17,1500,1.38,0.03,0.1,0.01,0.00838,0.00075,0.966,0.315,5.28,1.47,-9,-9
5,1,4,11,29,1996,12,12,16,1996,12,17,1500,1.69,0.08,0.09,0.05,0.00868,0.00025,1.695,0.252,6.36,0.19,-9,-9
5,1,5,12,16,1996,12,1,2,1997,12,17,1500,2.23,0.18,0.13,0.02,0.01446,0.00102,1.305,0.434,8.08,0.5,-9,-9
5,1,6,1,2,1997,12,1,19,1997,12,17,1500,2.08,0.09,0.16,0.05,0.02354,0.00269,0.682,0.692,7.58,0.6,-9,-9
5,1,7,1,19,1997,12,2,5,1997,12,17,1500,2.5,0.09,0.16,0.06,0.01972,0.00257,1.038,0.626,10.13,0.5,-9,-9
5,1,8,2,5,1997,12,2,22,1997,12,17,1500,2.05,0.21,0.16,0.04,0.02653,0.00368,0.964,0.707,9.82,0.43,-9,-9
5,1,9,2,22,1997,12,3,11,1997,12,17,1500,3.87,0.18,0.25,0.07,0.02356,0.00057,1.453,0.897,13.42,0.21,-9,-9
5,1,10,3,11,1997,12,3,28,1997,12,17,1500,2.34,0.29,0.17,0.03,0.03165,0.00106,1.169,0.603,7.33,1.38,-9,-9
5,1,11,3,28,1997,12,4,14,1997,12,17,1500,3.01,0.22,0.19,0.01,0.03174,0.00021,1.669,0.806,10.9,1.43,-9,-9
5,1,12,4,14,1997,12,5,1,1997,12,17,1500,3.58,0.23,0.22,0.04,0.02128,0.00017,1.499,1.055,13,3.16,-9,-9
5,1,13,5,1,1997,12,5,18,1997,12,17,1500,3.18,0.02,0.2,0.05,0.0276,0.00118,1.622,0.863,12.64,0.58,-9,-9
5,1,14,5,18,1997,12,6,4,1997,12,17,1500,3.87,0.15,0.27,0.05,0.02449,0.00169,1.469,0.791,12.65,2.15,-9,-9
5,1,15,6,4,1997,12,6,21,1997,12,17,1500,2.52,0.14,0.09,0,0.02049,0.00313,0.993,0.641,12.03,0.78,-9,-9
5,1,16,6,21,1997,12,7,8,1997,12,17,1500,2.06,0.12,0.08,0.01,0.01628,0.00017,0.736,0.451,7.95,1.38,-9,-9
5,1,17,7,8,1997,12,7,25,1997,12,17,1500,0.47,0.01,0.01,0.01,0.0048,0.00089,0.182,0.16,1.9,0.23,-9,-9
5,1,18,7,25,1997,12,8,11,1997,12,17,1500,0.05,0.01,0,0,0.00051,0.00008,0.016,0.032,0.38,0.05,-9,-9
5,1,19,8,11,1997,12,8,28,1997,12,17,1500,0.79,0,0.03,0,0.00586,0.00013,0.188,0.241,2.81,0.22,-9,-9
5,1,20,8,28,1997,12,9,14,1997,12,17,1500,0.46,0.48,0.01,0.04,0.00169,0.00011,0.022,0.058,0.66,0.06,-9,-9
5,2,1,10,9,1996,12,10,26,1996,12,17,2800,1.15,0.9,0.06,0.04,0.00635,0.0009,0.421,0.417,5.03,0.42,-9,-9
5,2,2,10,26,1996,12,11,12,1996,12,17,2800,3.35,1.28,0.19,0.03,0.01255,0.00174,1.941,0.819,15.32,2.18,-9,-9
5,2,3,11,12,1996,12,11,29,1996,12,17,2800,4.66,2.53,0.23,0.09,0.01993,0.00251,1.246,0.986,13.61,0.67,-9,-9
5,2,4,11,29,1996,12,12,16,1996,12,17,2800,2.67,0.06,0.15,0.01,0.02493,0.00306,1.073,0.801,10.69,1.45,-9,-9
5,2,5,12,16,1996,12,1,2,1997,12,17,2800,2.61,0.09,0.14,0.01,0.01579,0.00213,1.026,0.663,8.62,1.71,-9,-9
5,2,6,1,2,1997,12,1,19,1997,12,17,2800,1.94,0.12,0.12,0.02,0.01192,0.00197,0.812,0.581,7.05,0.75,-9,-9
5,2,7,1,19,1997,12,2,5,1997,12,17,2800,1.58,0.01,0.1,0.01,0.00702,0.00081,0.627,0.492,6.86,0.35,-9,-9
5,2,8,2,5,1997,12,2,22,1997,12,17,2800,1.81,0.13,0.12,0.01,0.00669,0.00009,0.709,0.637,6.88,1.82,-9,-9
5,2,9,2,22,1997,12,3,11,1997,12,17,2800,3.27,0.1,0.21,0.01,0.01404,0.00242,1.214,1.144,12.31,0.94,-9,-9
5,2,10,3,11,1997,12,3,28,1997,12,17,2800,2.81,0.05,0.19,0.01,0.01396,0.00306,1.015,1.108,10.45,1.46,-9,-9
5,2,11,3,28,1997,12,4,14,1997,12,17,2800,3.53,0.13,0.22,0.01,0.01418,0.00034,1.324,1.209,15.17,4.57,-9,-9
5,2,12,4,14,1997,12,5,1,1997,12,17,2800,3.49,0.16,0.22,0.01,0.01317,0.00093,1.196,1.304,12.74,1.73,-9,-9
5,2,13,5,1,1997,12,5,18,1997,12,17,2800,2.97,0.87,0.17,0.04,0.01765,0.00244,1.533,1.237,14.76,1.81,-9,-9
5,2,14,5,18,1997,12,6,4,1997,12,17,2800,3.1,1.52,0.13,0.08,0.01782,0.0006,1.796,1.438,15.92,3.41,-9,-9
5,2,15,6,4,1997,12,6,21,1997,12,17,2800,3.51,0.15,0.22,0.01,0.01416,0.00108,1.342,1.245,13.98,0.78,-9,-9
5,2,16,6,21,1997,12,7,8,1997,12,17,2800,5.17,0.11,0.33,0.01,0.02417,0.00216,1.885,2.348,23.76,4.27,-9,-9
5,2,17,7,8,1997,12,7,25,1997,12,17,2800,5.77,0.07,0.38,0.02,0.01537,0.00088,1.752,2.053,20.44,1.44,-9,-9
5,2,18,7,25,1997,12,8,11,1997,12,17,2800,3.61,0.14,0.22,0.01,0.01722,0.00153,1.299,1.345,13.16,1.81,-9,-9
5,2,19,8,11,1997,12,8,28,1997,12,17,2800,2.68,0.05,0.15,0.01,0.01113,0.00031,1.067,1.166,10.07,1.63,-9,-9
5,2,20,8,28,1997,12,9,14,1997,12,17,2800,2.93,0.06,0.17,0.01,0.01159,0.00276,1.107,1.116,10.18,0.24,-9,-9
5,2,21,9,14,1997,12,10,1,1997,12,17,2800,3.07,0.16,0.14,0.01,0.01312,0.00126,1.338,0.949,7.56,0.27,-9,-9
5,3,1,10,9,1996,12,10,26,1996,12,17,4000,2.08,0.24,0.1,0.02,0.00839,0.00025,0.498,0.895,10.52,0.04,3.53,0
5,3,2,10,26,1996,12,11,12,1996,12,17,4000,3.02,0.28,0.13,0.01,0.02006,0.00168,1.047,0.916,11.55,0.9,5.23,0
5,3,3,11,12,1996,12,11,29,1996,12,17,4000,2.59,0.1,0.13,0.01,0.01531,0.00125,1.032,1.151,11.99,2.37,0.31,0
5,3,4,11,29,1996,12,12,16,1996,12,17,4000,2.55,0.16,0.13,0.01,0.01582,0.00433,1.02,0.929,10.45,0.73,5.98,0
5,3,5,12,16,1996,12,1,2,1997,12,17,4000,2.56,0.09,0.15,0,0.03058,0.00748,0.854,0.996,11.01,0.85,6.26,0
5,3,6,1,2,1997,12,1,19,1997,12,17,4000,2.29,0.09,0.1,0.01,0.01074,0.0005,0.786,0.872,9.72,0.44,7.3,0
5,3,7,1,19,1997,12,2,5,1997,12,17,4000,1.99,0.09,0.1,0,0.01286,0.00299,0.805,1.031,9.68,2.43,4.77,0
5,3,8,2,5,1997,12,2,22,1997,12,17,4000,2,0.04,0.1,0.01,0.01089,0.00047,0.711,0.922,9,0.8,3.6,0
5,3,9,2,22,1997,12,3,11,1997,12,17,4000,2.34,0.04,0.13,0.01,0.01099,0.00191,0.945,0.972,9.69,0.31,4.03,0
5,3,10,3,11,1997,12,3,28,1997,12,17,4000,2.52,0.06,0.14,0,0.01288,0.00012,1.033,1.325,11.56,0.84,3.04,0
5,3,11,3,28,1997,12,4,14,1997,12,17,4000,2.53,0.07,0.15,0.01,0.01424,0.00226,0.891,1.347,11.75,0.06,4.7,0
5,3,12,4,14,1997,12,5,1,1997,12,17,4000,2.84,0.02,0.16,0,0.01728,0.00185,1.041,1.436,12.34,0.95,4.43,0
5,3,13,5,1,1997,12,5,18,1997,12,17,4000,2.83,0.14,0.18,0.02,0.02216,0.00175,0.821,1.108,9.3,1.58,2.82,0
5,3,14,5,18,1997,12,6,4,1997,12,17,4000,2.56,0.06,0.15,0,0.01679,0.00064,0.92,1.106,11.14,1.66,2.4,0
5,3,15,6,4,1997,12,6,21,1997,12,17,4000,2.57,0.06,0.13,0.01,0.01361,0.00113,0.919,1.102,9.27,0.37,4.25,0
5,3,16,6,21,1997,12,7,8,1997,12,17,4000,3.2,0.14,0.18,0.01,0.01965,0.00123,1.116,1.494,14.87,0.08,2.56,0
5,3,17,7,8,1997,12,7,25,1997,12,17,4000,6.97,0.25,0.44,0.02,0.02781,0.00818,1.927,3.044,24.2,3.88,0.87,0
5,3,18,7,25,1997,12,8,11,1997,12,17,4000,2.8,0.08,0.16,0,0.01705,0.00114,0.975,1.472,13.15,0.48,3.34,0
5,3,19,8,11,1997,12,8,28,1997,12,17,4000,2.42,0.07,0.12,0,0.01568,0.0029,0.701,1.481,11.35,0.57,3.99,0
5,3,20,8,28,1997,12,9,14,1997,12,17,4000,2.37,0.05,0.1,0.01,0.01498,0.00437,0.621,1.135,8.94,0.75,4.18,0
5,3,21,9,14,1997,12,10,1,1997,12,17,4000,1.76,0.03,0.08,0.01,0.0113,0.0012,0.376,0.846,5.88,0,3.76,0
6,1,1,12,22,1997,12,1,6,1998,10,14.9,2800,1.94,0.07,0.11,0.02,0.01549,0.00217,0.562,0.693,12.75,1.02,-9,-9
6,1,2,1,6,1998,10,1,21,1998,8,14.9,2800,2.63,0.31,0.13,0.01,0.02454,0.00003,0.826,0.872,11.07,0.99,-9,-9
6,1,3,1,21,1998,8,2,5,1998,6,14.9,2800,2.02,0.16,0.12,0.01,0.01263,0.00239,0.636,0.788,8.9,0.57,-9,-9
6,1,4,2,5,1998,6,2,20,1998,4,14.9,2800,2.52,0.22,0.16,0.04,0.02622,0.00538,0.701,1.03,13.74,0.12,-9,-9
6,1,5,2,20,1998,4,3,7,1998,2,14.9,2800,2.47,0.11,0.13,0.01,0.01902,0.0003,0.941,1.097,11.47,0.16,-9,-9
6,1,6,3,7,1998,2,3,22,1998,0,14.9,2800,3.19,0.09,0.18,0.01,0.01936,0.00243,1.148,1.251,14.15,6.6,-9,-9
6,1,7,3,22,1998,0,4,5,1998,22,14.9,2800,3.16,0.14,0.16,0.02,0.02211,0.00012,1.259,1.289,18.05,0.05,-9,-9
6,1,8,4,5,1998,22,4,20,1998,20,14.9,2800,3.58,0.48,0.14,0.01,0.02156,0.00225,1.757,1.059,10.63,4.2,-9,-9
6,1,9,4,20,1998,20,5,5,1998,18,14.9,2800,4.28,0.23,0.25,0.03,0.02172,0.00366,2.817,1.909,17.02,1.26,-9,-9
6,1,10,5,5,1998,18,5,20,1998,16,14.9,2800,3.73,0.09,0.23,0.01,0.02546,0.00043,1.439,1.601,17.21,0.46,-9,-9
6,1,11,5,20,1998,16,6,4,1998,14,14.9,2800,3.5,0.05,0.21,0.01,0.02121,0.00202,1.434,1.761,15.14,2.4,-9,-9
6,1,12,6,4,1998,14,6,19,1998,12,14.9,2800,3.66,0.05,0.22,0.01,0.0216,0.00344,1.397,1.778,14.4,2.5,-9,-9
6,1,13,6,19,1998,12,7,4,1998,10,14.9,2800,3.37,0.07,0.21,0.01,0.01959,0.00289,1.239,1.521,13.76,0.32,-9,-9
6,1,14,7,4,1998,10,7,19,1998,8,14.9,2800,4.64,0.04,0.28,0.03,0.02548,0.00028,2.012,1.456,18.69,0.03,-9,-9
6,1,15,7,19,1998,8,8,3,1998,6,14.9,2800,5.95,2.27,0.27,0.04,0.0262,0.00077,1.553,2.063,23.17,1.91,-9,-9
6,1,16,8,3,1998,6,8,18,1998,4,14.9,2800,3.65,0.06,0.21,0.01,0.02902,0.00575,1.407,1.768,17.05,0.2,-9,-9
6,1,17,8,18,1998,4,9,2,1998,2,14.9,2800,6.25,0.17,0.36,0.02,0.05354,0.00457,2.106,3.028,30.67,0,-9,-9
6,1,18,9,2,1998,2,9,17,1998,0,14.9,2800,5.72,0.27,0.33,0,0.03586,0.0023,2.103,2.86,29.97,2.91,-9,-9
6,1,19,9,17,1998,0,10,1,1998,22,14.9,2800,4.1,0.04,0.22,0.01,0.0323,0.00154,1.698,2.093,20.45,0.97,-9,-9
6,1,20,10,1,1998,22,10,16,1998,20,14.9,2800,3.02,0.02,0.17,0.02,0.02502,0.00336,1.185,1.723,15.11,1.37,-9,-9
6,1,21,10,16,1998,20,10,31,1998,18,14.9,2800,2.68,0.31,0.16,0.02,0.01754,0.0023,0.894,1.144,10.34,2.18,-9,-9
6,2,1,12,22,1997,12,1,6,1998,10,14.9,4000,1.56,0.1,0.08,0,0.01567,0.0016,0.643,0.764,8.75,0.63,3.85,3.58
6,2,2,1,6,1998,10,1,21,1998,8,14.9,4000,1.84,0.1,0.1,0.01,0.01454,0.00189,0.791,1.104,11.7,0.23,2.25,0.69
6,2,3,1,21,1998,8,2,5,1998,6,14.9,4000,1.97,0.03,0.12,0,0.01704,0.00288,0.77,1.098,11.1,0.43,2.7,0.42
6,2,4,2,5,1998,6,2,20,1998,4,14.9,4000,1.81,0.03,0.09,0.01,0.01078,0.00278,0.762,1.028,9.64,0.36,2.33,0.6
6,2,5,2,20,1998,6,3,7,1998,4,14.9,4000,1.85,0.08,0.07,0.01,0.01754,0.00268,0.779,1.027,8.87,0.28,2.43,0.36
6,2,6,3,7,1998,2,3,22,1998,0,14.9,4000,2.04,0.04,0.09,0.01,0.01451,0.00151,0.74,1.168,9.95,0.71,1.64,0.82
6,2,7,3,22,1998,0,4,5,1998,22,14.9,4000,2.19,0.2,0.1,0.01,0.01962,0.00718,0.866,1.179,12.27,0.76,1.8,0.04
6,2,8,4,5,1998,22,4,20,1998,20,14.9,4000,2.83,0.13,0.13,0.01,0.01851,0.00826,1.247,1.164,13.8,0.93,2.15,0.33
6,2,9,4,20,1998,20,5,5,1998,18,14.9,4000,2.71,0.37,0.21,0.03,0.01615,0.00002,1.062,1.558,13.83,0.58,2.32,0.82
6,2,10,5,5,1998,18,5,20,1998,16,14.9,4000,2.29,0.04,0.14,0.01,0.01301,0.00052,0.844,1.354,11.84,0.5,1.62,0.11
6,2,11,5,20,1998,16,6,4,1998,14,14.9,4000,2.93,0.03,0.2,0,0.03048,0.00215,1.11,1.793,15.75,0.24,1.6,0.75
6,2,12,6,4,1998,14,6,19,1998,12,14.9,4000,2.5,0.13,0.18,0.01,0.02468,0.00165,0.874,1.351,15.4,0.37,1.7,1.19
6,2,13,6,19,1998,12,7,4,1998,10,14.9,4000,2.42,0.27,0.16,0.01,0.01568,0.00255,0.979,1.248,11.45,0.47,0.56,1.36
6,2,14,7,4,1998,10,7,19,1998,8,14.9,4000,2.2,0.05,0.14,0.01,0.01492,0.00234,1.083,1.039,10.24,0.69,1.54,0.17
6,2,15,7,19,1998,8,8,3,1998,6,14.9,4000,3.35,0.08,0.2,0,0.02063,0.00099,1.607,1.502,18.25,1.54,2.62,2.13
6,2,16,8,3,1998,6,8,18,1998,4,14.9,4000,3.62,0.14,0.2,0.02,0.03067,0.00045,1.623,1.774,20.39,1,2.1,0.01
6,2,17,8,18,1998,4,9,2,1998,2,14.9,4000,4.57,0.29,0.27,0.02,0.02677,0.00428,1.854,2.147,26.85,1.41,1.96,0.01
6,2,18,9,2,1998,2,9,17,1998,0,14.9,4000,5.7,0.15,0.33,0.02,0.03695,0.00024,2.456,3.011,30.22,2.61,2.09,0.16
6,2,19,9,17,1998,0,10,1,1998,22,14.9,4000,3.04,0.46,0.16,0.04,0.02805,0.00345,1.634,1.66,16.08,2.93,2.18,0.66
6,2,20,10,1,1998,22,10,16,1998,20,14.9,4000,2.38,0.09,0.14,0.01,0.02568,0.00343,0.944,1.684,12.73,0.12,1.67,0.45
6,2,21,10,16,1998,20,10,31,1998,18,14.9,4000,1.73,0.01,0.1,0.01,0.0159,0.00163,0.762,1.254,9.18,0.51,1.97,0.37
7,1,1,11,19,1998,0,12,5,1998,12,16.5,2800,2.46,0.05,0.22,0.01,0.03286,0.00182,0.387,0.983,18.51,0.15,-9,-9
7,1,2,12,5,1998,12,12,22,1998,0,16.5,2800,4.35,0.03,0.41,0.05,0.01561,0.00182,0.698,1.145,16.64,0.42,-9,-9
7,1,3,12,22,1998,0,1,7,1999,12,16.5,2800,4.79,0.45,0.42,0.07,0.01967,0.00201,0.805,1.104,15.66,3.34,-9,-9
7,1,4,1,7,1999,12,1,24,1999,0,16.5,2800,4.54,0.05,0.39,0.02,0.01673,0.00173,0.973,1.07,11.11,0.29,-9,-9
7,1,5,1,24,1999,0,2,9,1999,12,16.5,2800,4.76,0.03,0.4,0,0.01753,0.00462,0.984,1.182,12.61,1.02,-9,-9
7,1,6,2,9,1999,12,2,26,1999,0,16.5,2800,3.08,0.09,0.22,0.02,0.01428,0.00124,0.93,0.928,9.07,0.24,-9,-9
7,1,7,2,26,1999,0,3,14,1999,12,16.5,2800,5.33,0.09,0.42,0.02,0.02714,0.00163,1.25,1.558,13.45,0.96,-9,-9
7,1,8,3,14,1999,12,3,31,1999,0,16.5,2800,5.71,0.09,0.42,0,0.02065,0.0024,1.617,1.359,18.99,3.97,-9,-9
7,1,9,3,31,1999,0,4,16,1999,12,16.5,2800,6.65,0.13,0.49,0.02,0.0293,0.00856,1.524,1.923,16.77,3.34,-9,-9
7,1,10,4,16,1999,12,5,3,1999,0,16.5,2800,6.26,0.32,0.45,0,0.02965,0.01028,1.876,1.727,16.38,3.43,-9,-9
7,1,11,5,3,1999,0,5,19,1999,12,16.5,2800,4.29,0.05,0.29,0.04,0.01705,0.00182,1.453,1.96,16.87,1.6,-9,-9
7,1,12,5,19,1999,12,6,5,1999,0,16.5,2800,3.65,0.18,0.21,0.02,0.01967,0.00652,1.361,1.484,14.43,2.23,-9,-9
7,1,13,6,5,1999,0,6,21,1999,12,16.5,2800,2.98,0.25,0.21,0.03,0.01609,0.00172,1.432,1.366,12.91,0.97,-9,-9
7,1,14,6,21,1999,12,7,8,1999,0,16.5,2800,4.63,0.15,0.26,0.01,0.01432,0.00077,2.773,1.828,17.78,1.35,-9,-9
7,1,15,7,8,1999,0,7,24,1999,12,16.5,2800,3.56,0.18,0.26,0.07,0.02639,0.01009,1.425,1.346,15.02,6.02,-9,-9
7,1,16,7,24,1999,12,8,10,1999,0,16.5,2800,3.54,0.02,0.27,0.07,0.01769,0.00278,1.371,1.465,13.37,0.22,-9,-9
7,1,17,8,10,1999,0,8,26,1999,12,16.5,2800,3.3,0.08,0.25,0.04,0.01543,0.00212,1.255,1.41,11.67,1.02,-9,-9
7,1,18,8,26,1999,12,9,12,1999,0,16.5,2800,4.21,0.15,0.18,0.04,0.02443,0.00453,1.524,1.333,13.49,4.94,-9,-9
7,1,19,9,12,1999,0,9,28,1999,12,16.5,2800,3.32,0.14,0.23,0.05,0.01808,0.00202,1.318,1.5,12.26,1.11,-9,-9
7,1,20,9,28,1999,12,10,15,1999,0,16.5,2800,2.84,0.37,0.21,0.02,0.02477,0.00019,1.147,1.316,10.89,0.63,-9,-9
7,2,1,11,19,1998,0,12,5,1998,12,16.5,4000,1.66,0.05,0.11,0.01,0.01183,0.00246,0.604,0.788,9.1,0.99,2.2,0.21
7,2,2,12,5,1998,12,12,22,1998,0,16.5,4000,1.54,0.05,0.11,0.01,0.01484,0.00198,0.628,0.854,8.06,0.19,3.75,1.4
7,2,3,12,22,1998,0,1,7,1999,12,16.5,4000,2.7,0.16,0.18,0.01,0.02697,0.01052,0.901,1.453,13.32,0.47,3.39,0.09
7,2,4,1,7,1999,12,1,24,1999,0,16.5,4000,1.96,0.1,0.13,0.02,0.01714,0.00256,0.899,1.019,8.35,2.62,3.97,0.66
7,2,5,1,24,1999,0,2,9,1999,12,16.5,4000,2.14,0.08,0.13,0.02,0.01894,0.00161,0.935,1.023,9.41,1.97,2.82,0.06
7,2,6,2,9,1999,12,2,26,1999,0,16.5,4000,3,0.22,0.16,0.03,0.01407,0.00208,1.082,1.103,11.97,1.02,3.37,0.53
7,2,7,2,26,1999,0,3,14,1999,12,16.5,4000,2.14,0.13,0.12,0.04,0.01055,0.00152,0.962,0.977,12.63,5.58,0.63,3.05
7,2,8,3,14,1999,12,3,31,1999,0,16.5,4000,3.21,0.15,0.21,0.01,0.02372,0.00775,1.309,1.748,15.41,2.61,3.04,0.17
7,2,9,3,31,1999,0,4,16,1999,12,16.5,4000,3.43,0.18,0.22,0.02,0.0172,0.0018,1.295,1.794,19.89,1.7,2.57,0.43
7,2,10,4,16,1999,12,5,3,1999,0,16.5,4000,2.71,0.22,0.19,0.02,0.0186,0.00171,1.135,1.329,11.68,0.19,2.61,0.49
7,2,11,5,3,1999,0,5,19,1999,12,16.5,4000,3.1,0.13,0.24,0.02,0.01878,0.00057,1.308,1.695,14.47,2.06,2.92,0.15
7,2,12,5,19,1999,12,6,5,1999,0,16.5,4000,3.18,0.09,0.24,0.02,0.02296,0.00435,1.291,1.512,13.65,2.58,2.62,0.45
7,2,13,6,5,1999,0,6,21,1999,12,16.5,4000,2.95,0.3,0.19,0.02,0.01565,0.00218,1.447,1.184,11.68,0.29,2.23,0.17
7,2,14,6,21,1999,12,7,8,1999,0,16.5,4000,2.73,0.12,0.22,0.05,0.01666,0.00132,1.022,1.327,10.15,2.04,3.8,1.22
7,2,15,7,8,1999,0,7,24,1999,12,16.5,4000,3.09,0.17,0.21,0.05,0.01925,0.00131,1.457,1.28,13.85,3.42,2.51,0.5
7,2,16,7,24,1999,12,8,10,1999,0,16.5,4000,4.1,0.37,0.23,0.02,0.04331,0.03337,2.074,1.489,15.28,0.56,3.24,0.79
7,2,17,8,10,1999,0,8,26,1999,12,16.5,4000,1.74,0.14,0.1,0.01,0.01876,0.00388,0.771,0.771,6.39,0.06,3.2,0.78
7,2,18,8,26,1999,12,9,12,1999,0,16.5,4000,2.33,0.07,0.13,0.01,0.01721,0.00104,1.065,1.158,10.75,0.14,3.23,0.91
7,2,19,9,12,1999,0,9,28,1999,12,16.5,4000,2.75,0.19,0.17,0.04,0.01339,0.00009,1.102,1.125,11.4,2.45,3.04,3.15
7,2,20,9,28,1999,12,10,15,1999,0,16.5,4000,2.49,0.12,0.16,0.04,0.025,0.00682,1.142,1.219,11.72,0.84,2.47,0.12
8,1,1,11,14,1999,0,11,29,1999,18,15.7,2800,1.95,0.08,0.149,0.029,0.01266,0.00189,0.882,0.992,12.18,0.81,-9,-9
8,1,2,11,29,1999,18,12,15,1999,12,15.7,2800,3.25,-9,0.221,-9,0.02346,0.00443,1.591,1.397,17.76,0.05,-9,-9
8,1,3,12,15,1999,12,12,31,1999,6,15.7,2800,4.19,0.71,0.256,0.098,0.04204,0.00893,1.829,1.603,20.51,2.22,-9,-9
8,1,4,12,31,1999,6,1,16,2000,0,15.7,2800,4.03,0.12,0.235,0.017,0.04233,0.00333,2.148,1.746,26.03,1.2,-9,-9
8,1,5,1,16,2000,0,1,31,2000,18,15.7,2800,3.5,0.78,0.224,0.046,0.03081,0.00254,1.611,1.629,20.76,0.86,-9,-9
8,1,6,1,31,2000,18,2,16,2000,12,15.7,2800,2.73,0.73,0.2,0.014,0.03335,0.00176,1.436,1.482,17.65,0.35,-9,-9
8,1,7,2,16,2000,12,3,3,2000,6,15.7,2800,5.33,0.41,0.347,0.067,0.06355,0.00593,2.639,2.491,35.76,2.49,-9,-9
8,1,8,3,3,2000,6,3,19,2000,0,15.7,2800,5.83,0.12,0.378,0.039,0.05731,0.00878,2.38,2.058,31.44,1.12,-9,-9
8,1,9,3,19,2000,0,4,3,2000,18,15.7,2800,3.6,0.31,0.279,0.057,0.04185,0.00263,1.4,1.633,19.51,0.73,-9,-9
8,1,10,4,3,2000,18,4,19,2000,12,15.7,2800,2.61,0.15,0.192,0.002,0.06439,0.0045,1.204,1.18,11.97,0.64,-9,-9
8,1,11,4,19,2000,12,5,5,2000,6,15.7,2800,3.63,0.04,0.22,0.035,0.02132,0.0002,2.127,1.623,16.23,2.67,-9,-9
8,1,12,5,5,2000,6,5,21,2000,0,15.7,2800,2.71,0.07,0.167,0.007,0.01653,0.0016,1.361,1.342,12.43,3.09,-9,-9
8,1,13,5,21,2000,0,6,5,2000,18,15.7,2800,2.87,0.17,0.186,0.016,0.01868,0.00148,1.288,1.408,14.31,2.83,-9,-9
8,1,14,6,5,2000,18,6,21,2000,12,15.7,2800,3.83,0.22,0.272,0.016,0.0277,0.0031,1.58,1.531,14.53,0.05,-9,-9
8,1,15,6,21,2000,12,7,7,2000,6,15.7,2800,3.76,0.2,0.263,0.004,0.0276,0.00264,1.619,1.728,17.2,1.45,-9,-9
8,1,16,7,7,2000,6,7,23,2000,0,15.7,2800,7.44,0.07,0.648,0.021,0.04586,0.00335,2.217,3.982,31.47,4.95,-9,-9
8,1,17,7,23,2000,0,8,7,2000,18,15.7,2800,23.26,4.58,1.989,0.31,0.09933,0.00226,3.28,9.311,69.7,3.1,-9,-9
8,1,18,8,7,2000,18,8,23,2000,12,15.7,2800,14.75,0,1.295,0.091,0.07548,0.00939,2.358,6.917,43.9,0.44,-9,-9
8,1,19,8,23,2000,12,9,8,2000,6,15.7,2800,6.2,0.04,0.494,0.011,0.03551,0.00519,1.761,3.351,23.33,1.53,-9,-9
8,1,20,9,8,2000,6,9,24,2000,0,15.7,2800,2.6,0.66,0.417,0.433,0.01856,0.00097,0.944,1.568,10.05,0.68,-9,-9
8,1,21,9,24,2000,0,10,9,2000,18,15.7,2800,2.53,0.13,0.312,0.183,0.01377,0.00185,0.679,1.288,12.44,3.54,-9,-9
8,2,1,11,14,1999,0,11,29,1999,18,15.7,4000,1.74,0.11,0.134,0.021,0.01397,0.00302,1.163,1.055,9.01,0.36,4.05,0
8,2,2,11,29,1999,18,12,15,1999,12,15.7,4000,2.47,0.06,0.148,0.026,0.01982,0.00419,1.459,1.208,16.6,1.56,4.89,0
8,2,3,12,15,1999,12,12,31,1999,6,15.7,4000,3.03,0,0.183,0.002,0.0281,0.0045,1.48,1.57,19.36,2.87,4.36,0
8,2,4,12,31,1999,6,1,16,2000,0,15.7,4000,2.28,0.02,0.147,0.011,0.02481,0.0007,1.261,1.125,13.58,2.82,5.29,0
8,2,5,1,16,2000,0,1,31,2000,18,15.7,4000,1.87,0.2,0.128,0,0.01777,0.00031,1.06,1.117,12.29,0.86,5.48,0
8,2,6,1,31,2000,18,2,16,2000,12,15.7,4000,2.71,0.17,0.184,0.004,0.03048,0.00164,1.203,1.615,18.16,2.36,5.95,0
8,2,7,2,16,2000,12,3,3,2000,6,15.7,4000,2.95,0.18,0.206,0.067,0.02583,0.00036,1.568,1.422,18.58,0.69,3.11,0
8,2,8,3,3,2000,6,3,19,2000,0,15.7,4000,3.02,0.05,0.231,0.061,0.04461,0.00078,1.623,1.504,19.22,1.2,5.34,0
8,2,9,3,19,2000,0,4,3,2000,18,15.7,4000,3.57,0.33,0.225,0.012,0.0393,0.00021,1.819,1.825,22.42,2.28,3.33,0
8,2,10,4,3,2000,18,4,19,2000,12,15.7,4000,2.74,0.27,0.185,0.007,0.02754,0.0055,1.623,1.29,16.07,2.01,2.64,0
8,2,11,4,19,2000,12,5,5,2000,6,15.7,4000,3.12,0.41,0.206,0.002,0.03158,0.0001,1.526,1.568,18.69,1.51,3.19,0
8,2,12,5,5,2000,6,5,21,2000,0,15.7,4000,1.69,0.03,0.113,0.021,0.01592,0.01566,0.85,0.913,8.39,3.08,4.63,0
8,2,13,5,21,2000,0,6,5,2000,18,15.7,4000,2.85,0.13,0.181,0.003,0.02525,0.00283,1.399,1.427,14.15,0.19,0.77,0
8,2,14,6,5,2000,18,6,21,2000,12,15.7,4000,2.41,0.06,0.155,0.009,0.02058,0.00489,1.233,1.165,12.35,0.02,-1.42,0
8,2,15,6,21,2000,12,7,7,2000,6,15.7,4000,3.92,0.52,0.257,0.014,0.02916,0.00379,1.721,1.617,17.32,0.06,0.89,0
8,2,16,7,7,2000,6,7,23,2000,0,15.7,4000,6.76,0.62,0.698,0.113,0.04968,0.00317,1.804,2.455,23.83,1.97,3.59,0
8,2,17,7,23,2000,0,8,7,2000,18,15.7,4000,21.33,0.07,1.801,0.085,0.0846,0.01516,3.648,7.937,60.26,1.76,-0.67,0
9,1,1,12,15,2000,0,12,31,2000,16,16.7,2800,1.95,0.17,0.144,0.112,0.0092,0.00335,0.87,1.697,6.69,0.1,-9,-9
9,1,2,12,31,2000,16,1,17,2001,8,16.7,2800,2.05,0.12,0.116,0.04,0.01197,0.0019,0.83,1.077,9.94,0.28,-9,-9
9,1,3,1,17,2001,8,2,3,2001,0,16.7,2800,2.11,0.11,0.121,0.03,0.00966,0.001,0.18,1.119,7.8,0.34,-9,-9
9,1,4,2,3,2001,0,2,19,2001,16,16.7,2800,3.39,1.04,0.701,0.767,0.0668,0.00331,0.91,1.052,6.93,1.23,-9,-9
9,1,5,2,19,2001,16,3,8,2001,8,16.7,2800,3.04,0.76,0.388,0.436,0.01779,0.00271,1.03,1.347,12.17,0.74,-9,-9
9,1,6,3,8,2001,8,3,25,2001,0,16.7,2800,2.89,0.16,0.124,0.021,0.01606,0.00409,1.17,1.199,10.27,4.13,-9,-9
9,1,7,3,25,2001,0,4,10,2001,16,16.7,2800,2.38,0.09,0.121,0.028,0.01487,0.00195,1.11,1.269,9.17,1.13,-9,-9
9,1,8,4,10,2001,16,4,27,2001,8,16.7,2800,2.97,0.3,0.29,0.237,0.01514,0.00454,1.18,1.054,8.56,1.54,-9,-9
9,1,9,4,27,2001,8,5,14,2001,0,16.7,2800,2.54,0.17,0.142,0.034,0.04531,0.0002,1,1.301,11.23,4,-9,-9
9,1,10,5,14,2001,0,5,30,2001,16,16.7,2800,2.4,0.2,0.135,0.017,0.00909,0,0.8,1.35,9.17,2.7,-9,-9
9,1,11,5,30,2001,16,6,16,2001,8,16.7,2800,2.42,0.05,0.124,0.017,0.01211,0.0002,0.9,1.08,10.1,1.56,-9,-9
9,1,12,6,16,2001,8,7,3,2001,0,16.7,2800,3.33,0.12,0.153,0.006,0.0169,0.00978,1.41,1.373,13.76,0.12,-9,-9
9,1,13,7,3,2001,0,7,19,2001,16,16.7,2800,3.19,0.12,0.149,0.028,0.01653,0.0002,1.33,1.43,11.79,1.32,-9,-9
9,1,14,7,19,2001,16,8,5,2001,8,16.7,2800,3.72,0.37,0.172,0.036,0.01351,0.00911,1.35,1.337,11.56,4.39,-9,-9
9,1,15,8,5,2001,8,8,22,2001,0,16.7,2800,4.77,0.31,0.232,0.056,0.04962,0.02184,1.36,1.705,15.75,0.02,-9,-9
9,1,16,8,22,2001,0,9,7,2001,16,16.7,2800,4.15,0.11,0.182,0.027,0.02057,0.001,1.32,1.579,14.86,0.93,-9,-9
9,1,17,9,7,2001,16,9,24,2001,8,16.7,2800,2.6,0.17,0.109,0.022,0.01276,0.00352,1.03,1.125,11.19,1.22,-9,-9
9,1,18,9,24,2001,8,10,11,2001,0,16.7,2800,2.75,0.16,0.121,0.008,0.01072,0.0014,0.94,1.128,10.26,0.19,-9,-9
9,1,19,10,11,2001,0,10,27,2001,16,16.7,2800,2.14,0.08,0.078,0.013,0.01106,0.0014,0.97,1.065,8.15,0.57,-9,-9
9,1,20,10,27,2001,16,11,13,2001,8,16.7,2800,2.17,0.11,0.093,0.013,0.01333,0.00536,0.96,1.043,9.56,1.66,-9,-9
9,1,21,11,13,2001,8,11,30,2001,0,16.7,2800,2.33,0.08,0.113,0.019,0.01467,0.00631,1.03,1.099,9.56,0.93,-9,-9
9,2,1,12,15,2000,0,12,31,2000,16,16.7,4000,1.53,0.12,0.108,0.026,0.00669,0.00052,0.62,1.089,9.67,2.21,2.8,0.2
9,2,2,12,31,2000,16,1,17,2001,8,16.7,4000,1.54,0.1,0.076,0.029,0.0074,0.00048,0.44,1.098,8.92,0.05,1.84,0.22
9,2,3,1,17,2001,8,2,3,2001,0,16.7,4000,1.93,0.11,0.082,0.023,0.00935,0.00265,0.68,1.236,8.77,0.53,2.85,2.45
9,2,4,2,3,2001,0,2,19,2001,16,16.7,4000,1.86,0.23,0.072,0.026,0.00732,0.00077,0.59,1.368,8.95,0.38,2.72,0.4
9,2,5,2,19,2001,16,3,8,2001,8,16.7,4000,1.96,0.2,0.073,0.013,0.00983,0.00039,0.68,1.269,9.55,0.48,0.52,3.42
9,2,6,3,8,2001,8,3,25,2001,0,16.7,4000,1.85,0.62,0.091,0.03,0.01001,0.00397,0.97,1.225,11.39,1.01,2.22,0.47
9,2,7,3,25,2001,0,4,10,2001,16,16.7,4000,2.83,0.49,0.159,0.034,0.02899,0.01342,0.97,1.432,11.84,1.87,2.15,0.33
9,2,8,4,10,2001,16,4,27,2001,8,16.7,4000,2.11,0.38,0.075,0.022,0.01141,0.00543,0.12,1.246,11.23,0.5,2.07,1.4
9,2,9,4,27,2001,8,5,14,2001,0,16.7,4000,2.33,0.09,0.089,0.026,0.01456,0.00746,0.84,1.245,9.33,0.89,1.11,3.5
9,2,10,5,14,2001,0,5,30,2001,16,16.7,4000,2.31,0.13,0.075,0.018,0.01032,0.00279,0.9,1.406,10.21,1.24,1.2,1.11
9,2,11,5,30,2001,16,6,16,2001,8,16.7,4000,2.64,0.07,0.078,0.027,0.01422,0.00349,0.97,1.462,12.69,0.13,2.35,0.68
9,2,12,6,16,2001,8,7,3,2001,0,16.7,4000,2.12,0.08,0.084,0.014,0.00772,0.00125,0.98,0.958,7.22,0.16,1.54,2.16
9,2,13,7,3,2001,0,7,19,2001,16,16.7,4000,2.41,0.26,0.093,0.015,0.00944,0,0.91,1.301,10.39,0.16,1.97,0.61
9,2,14,7,19,2001,16,8,5,2001,8,16.7,4000,2.98,0.04,0.118,0.018,0.02139,0.00833,1.21,1.392,11.59,0.23,1.7,1.39
9,2,15,8,5,2001,8,8,22,2001,0,16.7,4000,3.7,0.09,0.141,0.039,0.01469,0.00412,1.16,1.492,14.59,0.9,1.88,1.59
9,2,16,8,22,2001,0,9,7,2001,16,16.7,4000,3.19,0.03,0.104,0.02,0.01528,0.00164,1.12,1.825,16.33,1.31,1.19,0.55
9,2,17,9,7,2001,16,9,24,2001,8,16.7,4000,2.51,0.16,0.07,0.02,0.01359,0.00502,1.11,1.136,9.47,1.35,1.57,0.11
9,2,18,9,24,2001,8,10,11,2001,0,16.7,4000,3.31,0.5,0.229,0.183,0.01577,0.00039,1.44,1.323,12.11,0.87,1.52,0.14
9,2,19,10,11,2001,0,10,27,2001,16,16.7,4000,2.34,0.27,0.167,0.166,0.0102,0.00552,0.85,1.127,10.31,0.79,2.68,0.79
9,2,20,10,27,2001,16,11,13,2001,8,16.7,4000,2.59,0.29,0.086,0.026,0.0093,0.00454,1.06,1.22,11.69,1.12,1.34,0.26
9,2,21,11,13,2001,8,11,30,2001,0,16.7,4000,2.16,0.21,0.075,0.01,0.01494,0.0029,0.7,1.068,8.47,0.54,1.86,0.23
10,1,1,6,14,2002,0,6,30,2002,4,16.17,2800,2.71,0.01,0.199,0.008,0.01104,0.00184,0.87,0.49,-9,-9,-9,-9
10,1,2,6,30,2002,4,7,16,2002,8,16.17,2800,4.32,0.17,0.264,0.024,0.01754,0.0007,1.46,1.387,-9,-9,-9,-9
10,1,3,7,16,2002,8,8,1,2002,12,16.17,2800,6.38,0.08,0.451,0.036,0.02353,0.01281,1.87,2.037,-9,-9,-9,-9
10,1,4,8,1,2002,12,8,17,2002,16,16.17,2800,4.99,0.06,0.333,0.023,0.02547,0.00777,0.81,1.891,-9,-9,-9,-9
10,1,5,8,17,2002,16,9,2,2002,20,16.17,2800,11.95,0.41,1.153,0.064,0.04046,0.029,1.96,5.995,-9,-9,-9,-9
10,1,6,9,2,2002,20,9,19,2002,0,16.17,2800,4.2,0.14,0.326,0.004,0.03639,0.00437,1.31,1.566,-9,-9,-9,-9
10,1,7,9,19,2002,0,10,5,2002,4,16.17,2800,4.71,0.15,0.336,0.024,0.0206,0.00278,1.36,1.374,-9,-9,-9,-9
10,1,8,10,5,2002,4,10,21,2002,8,16.17,2800,4.28,0.02,0.265,0.028,0.04743,0.00871,1.48,1.312,-9,-9,-9,-9
10,1,9,10,21,2002,8,11,6,2002,12,16.17,2800,3.72,0.33,0.3,0.032,0.02646,0.00934,1.17,1.256,-9,-9,-9,-9
10,1,10,11,6,2002,12,11,22,2002,16,16.17,2800,2.42,0.08,0.157,0.012,0.01717,0.00179,0.9,0.485,-9,-9,-9,-9
10,1,11,11,22,2002,16,12,8,2002,20,16.17,2800,2.5,0.14,0.146,0.008,0.0135,0.00475,0.85,0.909,-9,-9,-9,-9
10,1,12,12,8,2002,20,12,25,2002,0,16.17,2800,2.57,0.04,0.177,0.004,0.01672,0.0003,0.7,0.895,-9,-9,-9,-9
10,1,13,12,25,2002,0,1,10,2003,4,16.17,2800,2.53,0.09,0.15,0.032,0.01142,0.00079,0.99,0.976,-9,-9,-9,-9
10,1,14,1,10,2003,4,1,26,2003,8,16.17,2800,3.12,1.09,0.135,0.015,0.01845,0.00347,0.79,0.913,-9,-9,-9,-9
10,1,15,1,26,2003,8,2,11,2003,12,16.17,2800,2.96,0.02,0.16,0.012,0.01127,0.00208,0.94,1.031,-9,-9,-9,-9
10,1,16,2,11,2003,12,2,27,2003,16,16.17,2800,2.83,0.13,0.141,0.004,0.03454,0.01575,0.98,0.92,-9,-9,-9,-9
10,1,17,2,27,2003,16,3,15,2003,20,16.17,2800,3.16,0.16,0.183,0.016,0.01683,0.00934,1.2,1.013,-9,-9,-9,-9
10,1,18,3,15,2003,20,4,1,2003,0,16.17,2800,3.45,0.07,0.241,0.019,0.01152,0.00455,1.32,1.213,-9,-9,-9,-9
10,1,19,4,1,2003,0,4,17,2003,4,16.17,2800,2.75,0.16,0.211,0.015,0.00893,0.00129,0.98,1.01,-9,-9,-9,-9
10,1,20,4,17,2003,4,5,3,2003,8,16.17,2800,2.74,0.09,0.208,0.019,0.01498,0.00218,0.76,0.91,-9,-9,-9,-9
10,1,21,5,3,2003,8,5,19,2003,12,16.17,2800,3.54,0.04,0.289,0.015,0.01775,0.00743,1.27,1.249,-9,-9,-9,-9
10,2,1,6,14,2002,0,6,30,2002,4,16.17,4000,2.29,0.07,0.155,0.004,0.01076,0.00177,0.85,0.711,-9,-9,2.12,0.23
10,2,2,6,30,2002,4,7,16,2002,8,16.17,4000,2.68,0.05,0.193,0.047,0.01422,0.00159,1.11,0.823,-9,-9,0.37,4.24
10,2,3,7,16,2002,8,8,1,2002,12,16.17,4000,5.14,0.09,0.373,0.059,0.02417,0.00347,1.77,0.76,-9,-9,4.38,6.32
10,2,4,8,1,2002,12,8,17,2002,16,16.17,4000,4.35,0.2,0.304,0.032,0.03286,0.00451,1.52,1.446,-9,-9,1.29,0.46
10,2,5,8,17,2002,16,9,2,2002,20,16.17,4000,11.24,0.14,1.064,0.031,0.05233,0.00258,1.89,4.489,-9,-9,0.04,0.65
10,2,6,9,2,2002,20,9,19,2002,0,16.17,4000,5.32,0.1,0.462,0.043,0.10568,0.04672,1.41,2.261,-9,-9,4.05,8.97
10,2,7,9,19,2002,0,10,5,2002,4,16.17,4000,3.78,0.04,0.31,0.004,0.01719,0.0036,0.69,0.571,-9,-9,1.64,0.24
10,2,8,10,5,2002,4,10,21,2002,8,16.17,4000,3.53,0.16,0.274,0.004,0.01659,0.00086,1.34,0.584,-9,-9,1.26,1.35
10,2,9,10,21,2002,8,11,6,2002,12,16.17,4000,3.46,0.14,0.274,0.036,0.01882,0.00347,1.26,0.54,-9,-9,0.53,0.04
10,2,10,11,6,2002,12,11,22,2002,16,16.17,4000,1.99,0.07,0.145,0.024,0.01285,0.00077,0.86,0.812,-9,-9,1.73,0.16
10,2,11,11,22,2002,16,12,8,2002,20,16.17,4000,1.75,0.14,0.121,0.024,0.01047,0.00225,0.67,0.699,-9,-9,1.89,0.59
10,2,12,12,8,2002,20,12,25,2002,0,16.17,4000,1.97,0.05,0.137,0.018,0.01758,0.00258,0.8,0.888,-9,-9,1.77,0.66
10,2,13,12,25,2002,0,1,10,2003,4,16.17,4000,1.56,0.05,0.114,0.006,0.01722,0.0011,0.64,0.727,-9,-9,2.43,0.07
10,2,14,1,10,2003,4,1,26,2003,8,16.17,4000,1.2,0.06,0.094,0.008,0.01076,0.00321,0.46,0.525,-9,-9,2.26,0.67
10,2,15,1,26,2003,8,2,11,2003,12,16.17,4000,1.23,0.09,0.077,0.026,0.00796,0.00173,0.54,0.571,-9,-9,1.62,0.01
10,2,16,2,11,2003,12,2,27,2003,16,16.17,4000,0.93,0.11,0.061,0.018,0.0069,0.00029,0.31,0.424,-9,-9,1.42,0.83
10,2,17,2,27,2003,16,3,15,2003,20,16.17,4000,1.03,0.09,0.076,0.008,0.0058,0.00154,0.35,0.473,-9,-9,2.78,1.33
10,2,18,3,15,2003,20,4,1,2003,0,16.17,4000,0.99,0.05,0.069,0.018,0.00553,0.00043,0.7,0.416,-9,-9,2.06,0.31
10,2,19,4,1,2003,0,4,17,2003,4,16.17,4000,2.53,0.29,0.175,0.012,0.01364,0.00034,0.9,0.876,-9,-9,2.76,1.67
10,2,20,4,17,2003,4,5,3,2003,8,16.17,4000,2.58,0.25,0.168,0.044,0.01209,0.00154,1.12,1.087,-9,-9,1.64,0.26
10,2,21,5,3,2003,8,5,19,2003,12,16.17,4000,2.53,0.04,0.146,0.016,0.01107,0.00201,0.98,0.889,-9,-9,1.73,0.39
11,1,1,11,13,2003,0,11,30,2003,10,17.42,2800,2.63,0.13,0.164,0,0.01951,0.00248,0.56,0.852,-9,-9,-9,-9
11,1,2,11,30,2003,10,12,17,2003,20,17.42,2800,3.82,0.05,0.257,0.027,0.02878,0.00009,1.69,1.291,-9,-9,-9,-9
11,1,3,12,17,2003,20,1,4,2004,6,17.42,2800,2.68,0.31,0.176,0.003,0.01988,0.00437,1.12,1.059,-9,-9,-9,-9
11,1,4,1,4,2004,6,1,21,2004,16,17.42,2800,1.85,0.39,0.117,0.014,0.01153,0.00508,0.81,0.784,-9,-9,-9,-9
11,1,5,1,21,2004,16,2,8,2004,2,17.42,2800,2.19,0,0.142,0.003,0.01138,0.00327,0.7,0.795,-9,-9,-9,-9
11,1,6,2,8,2004,2,2,25,2004,12,17.42,2800,2.07,0.01,0.132,0.038,0.01021,0.00026,0,0.723,-9,-9,-9,-9
11,1,7,2,25,2004,12,3,13,2004,22,17.42,2800,2.38,0.1,0.14,0,0.01582,0.00615,1.07,0.869,-9,-9,-9,-9
11,1,8,3,13,2004,22,3,31,2004,8,17.42,2800,3.17,0.22,0.231,0.017,0.05288,0.0208,1.34,1.074,-9,-9,-9,-9
11,1,9,3,31,2004,8,4,17,2004,18,17.42,2800,3.26,0.12,0.21,0.038,0.02315,0.00472,1.36,1.041,-9,-9,-9,-9
11,1,10,4,17,2004,18,5,5,2004,4,17.42,2800,4.14,0.1,0.269,0.058,0.02564,0.00336,1.83,1.214,-9,-9,-9,-9
11,1,11,5,5,2004,4,5,22,2004,14,17.42,2800,3.33,0.06,0.209,0.061,0.02631,0.01014,1.43,1.072,-9,-9,-9,-9
11,1,12,5,22,2004,14,6,9,2004,0,17.42,2800,3.86,0.11,0.245,0.024,0.02257,0.00275,1.49,1.337,-9,-9,-9,-9
11,1,13,6,9,2004,0,6,26,2004,10,17.42,2800,3.63,0.18,0.247,0.007,0.02098,0.00301,0.76,1.331,-9,-9,-9,-9
11,1,14,6,26,2004,10,7,13,2004,20,17.42,2800,3.58,0.14,0.238,0.027,0.01985,0.0041,1.4,1.267,-9,-9,-9,-9
11,1,15,7,13,2004,20,7,31,2004,6,17.42,2800,3.91,0.08,0.281,0.027,0.02758,0.00224,1.33,1.294,-9,-9,-9,-9
11,1,16,7,31,2004,6,8,17,2004,16,17.42,2800,4.32,0.21,0.365,0,0.02363,0.00317,1.13,1.512,-9,-9,-9,-9
11,1,17,8,17,2004,16,9,4,2004,2,17.42,2800,3.62,2.3,0.186,0.038,0.01263,0.00103,1.02,0.839,-9,-9,-9,-9
11,1,18,9,4,2004,2,9,21,2004,12,17.42,2800,2.02,0.05,0.157,0.003,0.0115,0.00155,0.69,0.767,-9,-9,-9,-9
11,1,19,9,21,2004,12,10,8,2004,22,17.42,2800,1.58,0.02,0.119,0.045,0.01023,0.00077,0.49,0.591,-9,-9,-9,-9
11,1,20,10,8,2004,22,10,26,2004,8,17.42,2800,1.43,0,0.112,0.01,0.01032,0.0006,1.03,0.482,-9,-9,-9,-9
11,1,21,10,26,2004,8,11,12,2004,18,17.42,2800,1.45,0.04,0.131,0.029,0.01162,0.00222,0.96,0.504,-9,-9,-9,-9
11,2,1,11,13,2003,0,11,30,2003,10,17.42,4000,1.57,0.03,0.1,0.015,0.01275,0.00103,1.26,1.089,-9,-9,3.45,0
11,2,2,11,30,2003,10,12,17,2003,20,17.42,4000,2.76,0.23,0.173,0.017,0.0242,0.00214,1.18,1.098,-9,-9,2.09,0
11,2,3,12,17,2003,20,1,4,2004,6,17.42,4000,2.18,0.11,0.125,0.034,0.01748,0.00026,-9,1.236,-9,-9,2.3,0
11,2,4,1,4,2004,6,1,21,2004,16,17.42,4000,2.25,0.05,0.124,0.007,0.01582,0.00094,0.82,1.368,-9,-9,2.44,0
11,2,5,1,21,2004,16,2,8,2004,2,17.42,4000,2.2,0.02,0.119,0.017,0.01439,0.00549,1.22,1.269,-9,-9,2.97,0
11,2,6,2,8,2004,2,2,25,2004,12,17.42,4000,2.18,0.01,0.133,0.017,0.01834,0.00231,0.86,1.225,-9,-9,2.75,0
11,2,7,2,25,2004,12,3,13,2004,22,17.42,4000,2.09,0.01,0.128,0.034,0.01478,0.00335,0.85,1.432,-9,-9,3.12,0
11,2,8,3,13,2004,22,3,31,2004,8,17.42,4000,2.28,0.01,0.147,0.01,0.0153,0.00094,0.89,1.246,-9,-9,1.6,0
11,2,9,3,31,2004,8,4,17,2004,18,17.42,4000,2.26,0.11,0.134,0.041,0.01295,0.00043,0.9,1.245,-9,-9,3.11,0
11,2,10,4,17,2004,18,5,5,2004,4,17.42,4000,2.88,0.08,0.192,0.048,0.01947,0.00606,1.17,1.406,-9,-9,2.2,0
11,2,11,5,5,2004,4,5,22,2004,14,17.42,4000,3.32,0.04,0.22,0.007,0.021,0.00711,1.37,1.462,-9,-9,-9,-9
11,2,12,5,22,2004,14,6,9,2004,0,17.42,4000,3.55,0.09,0.208,0.038,0.02356,0.00627,1.37,1.337,-9,-9,0.59,0
11,2,13,6,9,2004,0,6,26,2004,10,17.42,4000,3.18,0.1,0.198,0.017,0.01769,0.00086,-9,1.331,-9,-9,1.29,0
11,2,14,6,26,2004,10,7,13,2004,20,17.42,4000,3.03,0.17,0.218,0.024,0.016,0.00744,1.13,1.267,-9,-9,2.38,0
11,2,15,7,13,2004,20,7,31,2004,6,17.42,4000,4.52,0.1,0.306,0,0.04757,0.00309,1.64,1.294,-9,-9,0.64,0
11,2,16,7,31,2004,6,8,17,2004,16,17.42,4000,5.75,0.38,0.506,0.01,0.02324,0,1.42,1.512,-9,-9,-0.71,0
11,2,17,8,17,2004,16,9,4,2004,2,17.42,4000,2.29,0.02,0.152,0,0.01457,0.00069,0.75,0.839,-9,-9,2,0
11,2,18,9,4,2004,2,9,21,2004,12,17.42,4000,2.5,0.06,0.172,0.027,0.03307,0.0077,0.84,0.767,-9,-9,0.07,0
11,2,19,9,21,2004,12,10,8,2004,22,17.42,4000,2.03,0.13,0.12,0.038,0.0161,0.00535,0.8,0.591,-9,-9,4.33,0
11,2,20,10,8,2004,22,10,26,2004,8,17.42,4000,2.1,0.07,0.137,0.038,0.01493,0.00371,0.73,0.482,-9,-9,3.19,0
11,2,21,10,26,2004,8,11,12,2004,18,17.42,4000,1.88,0.03,0.143,0.057,0.01499,0.00262,0.62,0.504,-9,-9,2.69,0
12,1,1,7,18,2005,20,7,21,2005,6,2.42,4000,0.93,0.25,0.09,0.026,0.00547,0.00053,0.28,0.587,-9,-9,2.06,2.31
12,1,2,7,21,2005,6,7,23,2005,16,2.42,4000,2.06,0.04,0.188,0.036,0.01669,0.01064,0.88,0.994,-9,-9,2.15,0.12
12,1,3,7,23,2005,16,7,26,2005,2,2.42,4000,1.32,0.11,0.112,0.069,0.00632,0.00081,0.46,0.683,-9,-9,2.38,0.46
12,1,4,7,26,2005,2,7,28,2005,12,2.42,4000,2.06,0.12,0.141,0.036,0.01149,0.00203,0.96,1.125,-9,-9,2.19,0.91
12,1,5,7,28,2005,12,7,30,2005,22,2.42,4000,0.9,0.14,0.086,0.021,0.00974,0.00065,0.44,0.723,-9,-9,2.12,0.77
12,1,6,7,30,2005,22,8,2,2005,8,2.42,4000,2.29,0.1,0.191,0.018,0.01871,0.00902,0.77,1.301,-9,-9,1.41,0.16
12,1,7,8,2,2005,8,8,4,2005,18,2.42,4000,4.43,0.04,0.325,0.083,0.0252,0.00085,1.99,2.242,-9,-9,2,0.92
12,1,8,8,4,2005,18,8,7,2005,4,2.42,4000,1.71,0,0.156,0.008,0.00811,0.00211,0.58,0.999,-9,-9,0.8,1.04
12,1,9,8,7,2005,4,8,9,2005,14,2.42,4000,1.92,0.04,0.162,0.021,0.01197,0.00355,0.6,1.07,-9,-9,0.49,0.37
12,1,10,8,9,2005,14,8,12,2005,0,2.42,4000,4.33,0.01,0.466,0.015,0.02961,0.01677,0.69,1.814,-9,-9,0.23,0.11
12,1,11,8,12,2005,0,8,14,2005,10,2.42,4000,4.43,0.04,0.432,0.072,0.01525,0.00085,0.91,1.789,-9,-9,0.84,0.81
12,1,12,8,14,2005,10,8,16,2005,20,2.42,4000,11.7,0.15,0.925,0.039,0.0538,0.00705,2.66,4.807,-9,-9,0.47,0.88
12,1,13,8,16,2005,20,8,19,2005,6,2.42,4000,6.48,0.18,0.618,0.078,0.03093,0.01831,1.45,2.789,-9,-9,0.48,1.27
12,1,14,8,19,2005,6,8,21,2005,16,2.42,4000,4.27,0.18,0.373,0.01,0.02223,0.00044,1.45,2.232,-9,-9,0.23,0.26
12,1,15,8,21,2005,16,8,24,2005,2,2.42,4000,3.48,0.12,0.276,0.005,0.0144,0.0057,0.89,1.603,-9,-9,0.6,0.68
12,1,16,8,24,2005,2,8,26,2005,12,2.42,4000,2.92,0.03,0.272,0.057,0.01602,0.00716,0.88,1.529,-9,-9,0.57,0.57
12,1,17,8,26,2005,12,8,28,2005,22,2.42,4000,2.22,0.2,0.233,0.011,0.00975,0.00007,0.69,1.264,-9,-9,0.91,1.26
12,1,18,8,28,2005,22,8,31,2005,8,2.42,4000,4.48,0.13,0.333,0.057,0.01542,0.0017,1.43,2.094,-9,-9,0.8,0.24
12,1,19,8,31,2005,8,9,2,2005,18,2.42,4000,5.28,0.06,0.396,0.067,0.01701,0.00208,1.87,2.66,-9,-9,0.2,0.87
12,1,20,9,2,2005,18,9,5,2005,4,2.42,4000,9.68,0.05,0.714,0.064,0.03525,0.00603,2.93,4.234,-9,-9,0.78,0.03
12,1,21,9,5,2005,4,9,7,2005,14,2.42,4000,5.41,0.1,0.451,0.086,0.022,0.00251,2.08,2.46,-9,-9,0.89,0.48
13,1,1,7,10,2007,0,7,27,2007,9,17.38,2800,1.52,0.1,0.115,-9,0.01217,0.00204,1.1,0.574,-9,-9,-9,-9
13,1,2,7,27,2007,9,8,13,2007,18,17.38,2800,3.23,0.08,0.225,0.003,0.0169,0.00411,0.59,0.546,-9,-9,-9,-9
13,1,3,8,13,2007,18,8,31,2007,3,17.38,2800,2.21,0.07,0.158,0.008,0.01078,0.00059,0.85,0.783,-9,-9,-9,-9
13,1,4,8,31,2007,3,9,17,2007,12,17.38,2800,1.67,0.04,0.116,0.006,0.0091,0.00215,0.59,0.629,-9,-9,-9,-9
13,1,5,9,17,2007,12,10,4,2007,21,17.38,2800,2.2,0.04,0.157,0.005,0.01053,0.00467,0.86,0.841,-9,-9,-9,-9
13,1,6,10,4,2007,21,10,22,2007,6,17.38,2800,2.57,0.03,0.242,0.019,0.03782,0.01877,0.89,0.828,-9,-9,-9,-9
13,1,7,10,22,2007,6,11,8,2007,15,17.38,2800,1.86,0.01,0.127,0.011,0.00919,0.00331,0.76,0.725,-9,-9,-9,-9
13,1,8,11,8,2007,15,11,26,2007,0,17.38,2800,1.58,0.02,0.095,0.005,0.00608,0.00051,0.64,0.673,-9,-9,-9,-9
13,1,9,11,26,2007,0,12,13,2007,9,17.38,2800,1.71,0.14,0.113,0.011,0.00757,0.00269,0.7,0.709,-9,-9,-9,-9
13,1,10,12,13,2007,9,12,30,2007,18,17.38,2800,2.25,0.08,0.153,0.015,0.01131,0.00249,0.95,0.881,-9,-9,-9,-9
13,1,11,12,30,2007,18,1,17,2008,3,17.38,2800,2.66,0.17,0.18,0.035,0.02293,0.00134,1.1,0.604,-9,-9,-9,-9
13,1,12,1,17,2008,3,2,3,2008,12,17.38,2800,2.15,0.13,0.135,0.003,0.01274,0.00353,0.89,0.855,-9,-9,-9,-9
13,1,13,2,3,2008,12,2,20,2008,21,17.38,2800,2.81,0.15,0.17,0.01,0.01642,0.00393,1.05,0.642,-9,-9,-9,-9
13,1,14,2,20,2008,21,3,9,2008,6,17.38,2800,2.6,0.17,0.17,0.035,0.01465,0.00274,1.02,0.555,-9,-9,-9,-9
13,1,15,3,9,2008,6,3,26,2008,15,17.38,2800,3.14,0.04,0.177,0.013,0.01942,0.0093,1.58,1.283,-9,-9,-9,-9
13,1,16,3,26,2008,15,4,13,2008,0,17.38,2800,2.56,0.04,0.182,0.078,0.01539,0.00836,1.1,1.055,-9,-9,-9,-9
13,1,17,4,13,2008,0,4,30,2008,9,17.38,2800,2.39,0.02,0.145,0.019,0.00938,0.00086,1.04,0.953,-9,-9,-9,-9
13,1,18,4,30,2008,9,5,17,2008,18,17.38,2800,3.59,0.04,0.257,0.07,0.01772,0.00211,1.29,0.694,-9,-9,-9,-9
13,1,19,5,17,2008,18,6,4,2008,3,17.38,2800,1.78,0.03,0.108,0.023,0.01272,0.00472,0.67,0.642,-9,-9,-9,-9
13,1,20,6,4,2008,3,6,21,2008,12,17.38,2800,1.95,0.12,0.142,0.016,0.01155,0.00426,0.76,0.816,-9,-9,-9,-9
13,1,21,6,21,2008,12,7,8,2008,21,17.38,2800,2.49,0.08,0.167,0.005,0.00808,-9,1.09,0.893,-9,-9,-9,-9
13,2,1,7,10,2007,0,7,27,2007,9,17.38,4000,1.26,0.04,0.092,0.004,0.0082,0.00005,0.49,0.587,-9,-9,-9,-9
13,2,2,7,27,2007,9,8,13,2007,18,17.38,4000,2.7,0.05,0.126,0.015,0.01956,0.00254,1.11,0.631,-9,-9,-9,-9
13,2,3,8,13,2007,18,8,31,2007,3,17.38,4000,2.76,0.02,0.177,0.011,0.02301,0.0038,1.11,0.67,-9,-9,-9,-9
13,2,4,8,31,2007,3,9,17,2007,12,17.38,4000,2.43,0.13,0.101,0.004,0.0263,0.00281,0.9,0.607,-9,-9,-9,-9
13,2,5,9,17,2007,12,10,4,2007,21,17.38,4000,1.73,0.18,0.082,0.021,0.01067,0.00159,1.39,0.813,-9,-9,-9,-9
13,2,6,10,4,2007,21,10,22,2007,6,17.38,4000,2.03,0.15,0.117,0.05,0.01104,0.00444,0.82,0.926,-9,-9,-9,-9
13,2,7,10,22,2007,6,11,8,2007,15,17.38,4000,1.94,0.12,0.114,0.01,0.01081,0.00109,0.79,0.945,-9,-9,-9,-9
13,2,8,11,8,2007,15,11,26,2007,0,17.38,4000,1.86,0.01,0.1,0.019,0.01005,0.00354,0.78,0.914,-9,-9,-9,-9
13,2,9,11,26,2007,0,12,13,2007,9,17.38,4000,1.38,0.05,0.082,0.002,0.00645,0.00661,1.08,0.698,-9,-9,-9,-9
13,2,10,12,13,2007,9,12,30,2007,18,17.38,4000,1.92,0.07,0.111,0.004,0.01071,0.00122,1.46,0.887,-9,-9,-9,-9
13,2,11,12,30,2007,18,1,17,2008,3,17.38,4000,2.33,0.12,0.132,0.013,0.01571,0.00014,1.96,0.997,-9,-9,-9,-9
13,2,12,1,17,2008,3,2,3,2008,12,17.38,4000,1.98,0.02,0.113,0.029,0.01161,0.001,-9,0.859,-9,-9,-9,-9
13,2,13,2,3,2008,12,2,20,2008,21,17.38,4000,2.12,0.05,0.129,0.012,0.01272,0.00259,0.92,1.001,-9,-9,-9,-9
13,2,14,2,20,2008,21,3,9,2008,6,17.38,4000,2.06,0.14,0.112,0.025,0.00986,0.00971,0.93,0.873,-9,-9,-9,-9
13,2,15,3,9,2008,6,3,26,2008,15,17.38,4000,1.88,0.07,0.114,0.033,0.01043,0.00095,0.77,0.874,-9,-9,-9,-9
13,2,16,3,26,2008,15,4,13,2008,0,17.38,4000,3.18,0.11,0.122,0.023,0.01197,0.00438,0.7,0.727,-9,-9,-9,-9
13,2,17,4,13,2008,0,4,30,2008,9,17.38,4000,2.72,0.04,0.136,0.004,0.0249,0.00272,1.28,1.11,-9,-9,-9,-9
13,2,18,4,30,2008,9,5,17,2008,18,17.38,4000,3.21,0.42,0.168,0.008,0.01941,0.00118,0.59,0.641,-9,-9,-9,-9
13,2,19,5,17,2008,18,6,4,2008,3,17.38,4000,3.02,0.06,0.162,0.034,0.0182,0.00454,0.57,0.654,-9,-9,-9,-9
13,2,20,6,4,2008,3,6,21,2008,12,17.38,4000,2.04,0.15,0.121,0,0.01216,0.0015,1.71,0.911,-9,-9,-9,-9
13,2,21,6,21,2008,12,7,8,2008,21,17.38,4000,2.16,0.07,0.134,0.006,0.01466,0.00177,1.77,0.931,-9,-9,-9,-9
14,1,1,6,1,2009,12,6,6,2009,13,5.05,4000,4.58,-9,0.399,-9,-9,-9,-9,-9,-9,-9,-9,-9
14,1,2,6,6,2009,13,6,11,2009,14,5.05,4000,4.67,-9,0.393,-9,-9,-9,-9,-9,-9,-9,-9,-9
14,1,3,6,11,2009,14,6,16,2009,15,5.05,4000,2.96,-9,0.26,-9,-9,-9,-9,-9,-9,-9,-9,-9
14,1,4,6,16,2009,15,6,21,2009,17,5.05,4000,3.12,-9,0.211,-9,-9,-9,-9,-9,-9,-9,-9,-9
14,1,5,6,21,2009,17,6,26,2009,18,5.05,4000,1.53,-9,0.114,-9,-9,-9,-9,-9,-9,-9,-9,-9
14,1,6,6,26,2009,18,7,1,2009,19,5.05,4000,1.47,-9,0.099,-9,-9,-9,-9,-9,-9,-9,-9,-9
14,1,7,7,1,2009,19,7,6,2009,20,5.05,4000,2.18,-9,0.149,-9,-9,-9,-9,-9,-9,-9,-9,-9
14,1,8,7,6,2009,20,7,11,2009,21,5.05,4000,2.35,-9,0.152,-9,-9,-9,-9,-9,-9,-9,-9,-9
14,1,9,7,11,2009,21,7,16,2009,22,5.05,4000,2.38,-9,0.175,-9,-9,-9,-9,-9,-9,-9,-9,-9
14,1,10,7,16,2009,22,7,21,2009,23,5.05,4000,2.42,-9,0.175,-9,-9,-9,-9,-9,-9,-9,-9,-9
14,1,11,7,21,2009,23,7,27,2009,1,5.05,4000,2.1,-9,0.136,-9,-9,-9,-9,-9,-9,-9,-9,-9
14,1,12,7,27,2009,1,8,1,2009,2,5.05,4000,3.52,-9,0.231,-9,-9,-9,-9,-9,-9,-9,-9,-9
14,1,13,8,1,2009,2,8,6,2009,3,5.05,4000,1.78,-9,0.107,-9,-9,-9,-9,-9,-9,-9,-9,-9
14,1,14,8,6,2009,3,8,11,2009,4,5.05,4000,0.79,-9,0.052,-9,-9,-9,-9,-9,-9,-9,-9,-9
14,1,15,8,11,2009,4,8,16,2009,5,5.05,4000,0.92,-9,0.053,-9,-9,-9,-9,-9,-9,-9,-9,-9
14,1,16,8,16,2009,5,8,21,2009,6,5.05,4000,4.3,-9,0.301,-9,-9,-9,-9,-9,-9,-9,-9,-9
14,1,17,8,21,2009,6,8,26,2009,7,5.05,4000,1.07,-9,0.072,-9,-9,-9,-9,-9,-9,-9,-9,-9
14,1,18,8,26,2009,7,8,31,2009,9,5.05,4000,2.03,-9,0.141,-9,-9,-9,-9,-9,-9,-9,-9,-9
14,1,19,8,31,2009,9,9,5,2009,10,5.05,4000,2.64,-9,0.202,-9,-9,-9,-9,-9,-9,-9,-9,-9
14,1,20,9,5,2009,10,9,10,2009,11,5.05,4000,1.59,-9,0.114,-9,-9,-9,-9,-9,-9,-9,-9,-9
14,1,21,9,10,2009,11,9,15,2009,12,5.05,4000,2.54,-9,0.179,-9,-9,-9,-9,-9,-9,-9,-9,-9
14,2,1,6,1,2009,12,6,6,2009,13,5.05,4000,3.77,0.09,0.372,0.046,0.01754,0.00032,0.99,-9,-9,-9,-9,-9
14,2,2,6,6,2009,13,6,11,2009,14,5.05,4000,5.62,0.33,0.458,0.091,0.01849,0.00395,1.36,-9,-9,-9,-9,-9
14,2,3,6,11,2009,14,6,16,2009,15,5.05,4000,3.87,0.04,0.314,0.02,0.01896,0.00097,1.07,-9,-9,-9,-9,-9
14,2,4,6,16,2009,15,6,21,2009,17,5.05,4000,2.86,0.02,0.226,0.031,0.01274,0.0026,0.98,-9,-9,-9,-9,-9
14,2,5,6,21,2009,17,6,26,2009,18,5.05,4000,1.9,0.17,0.151,0.016,0.00721,0.00073,0.64,-9,-9,-9,-9,-9
14,2,6,6,26,2009,18,7,1,2009,19,5.05,4000,2.52,0.17,0.171,0.044,0.0112,0.00135,0.84,-9,-9,-9,-9,-9
14,2,7,7,1,2009,19,7,6,2009,20,5.05,4000,3.2,0.04,0.238,0.031,0.01173,0.00601,1.25,-9,-9,-9,-9,-9
14,2,8,7,6,2009,20,7,11,2009,21,5.05,4000,3.68,0.15,0.273,0.033,0.01544,0.00057,1.35,-9,-9,-9,-9,-9
14,2,9,7,11,2009,21,7,16,2009,22,5.05,4000,2.31,0.09,0.175,0.026,0.00694,0.00108,0.7,-9,-9,-9,-9,-9
14,2,10,7,16,2009,22,7,21,2009,23,5.05,4000,2.87,0.12,0.202,0.048,0.00822,0.00167,0.91,-9,-9,-9,-9,-9
14,2,11,7,21,2009,23,7,27,2009,1,5.05,4000,2.82,0.24,0.207,0.004,0.01033,0.00124,0.91,-9,-9,-9,-9,-9
14,2,12,7,27,2009,1,8,1,2009,2,5.05,4000,3.39,0.09,0.213,0.013,0.01565,0.00233,1.26,-9,-9,-9,-9,-9
14,2,13,8,1,2009,2,8,6,2009,3,5.05,4000,2.23,0.3,0.15,0.03,0.00878,0.00301,0.72,-9,-9,-9,-9,-9
14,2,14,8,6,2009,3,8,11,2009,4,5.05,4000,1.38,0.12,0.12,0.007,0.00605,0.00256,0.44,-9,-9,-9,-9,-9
14,2,15,8,11,2009,4,8,16,2009,5,5.05,4000,1.48,0.03,0.099,0.029,0.00714,0.00215,0.54,-9,-9,-9,-9,-9
14,2,16,8,16,2009,5,8,21,2009,6,5.05,4000,3.85,0.07,0.3,0.046,0.01277,0.00453,1.37,-9,-9,-9,-9,-9
14,2,17,8,21,2009,6,8,26,2009,7,5.05,4000,1.43,0.19,0.1,0.019,0.00626,0.00105,0.41,-9,-9,-9,-9,-9
14,2,18,8,26,2009,7,8,31,2009,9,5.05,4000,2.04,0.01,0.136,0.039,0.00977,0.00386,0.55,-9,-9,-9,-9,-9
14,2,19,8,31,2009,9,9,5,2009,10,5.05,4000,3.35,0.09,0.25,0.078,0.01492,0.00201,0.84,-9,-9,-9,-9,-9
14,2,20,9,5,2009,10,9,10,2009,11,5.05,4000,1.67,0.01,0.131,0.003,0.00899,0.00701,0.57,-9,-9,-9,-9,-9
14,2,21,9,10,2009,11,9,15,2009,12,5.05,4000,3.64,0.08,0.254,0.061,0.01479,0.00379,1.31,-9,-9,-9,-9,-9
15,3,1,6,1,2009,12,6,6,2009,13,5.05,4000,-9,-9,-9,-9,-9,-9,-9,-9,-9,-9,-9,-9
15,3,2,6,6,2009,13,6,11,2009,14,5.05,4000,-9,-9,-9,-9,-9,-9,-9,-9,-9,-9,-9,-9
15,3,3,6,11,2009,14,6,16,2009,15,5.05,4000,-9,-9,-9,-9,-9,-9,-9,-9,-9,-9,-9,-9
15,3,4,6,16,2009,15,6,21,2009,17,5.05,4000,-9,-9,-9,-9,-9,-9,-9,-9,-9,-9,-9,-9
15,3,5,6,21,2009,17,6,26,2009,18,5.05,4000,-9,-9,-9,-9,-9,-9,-9,-9,-9,-9,-9,-9
15,3,6,6,26,2009,18,7,1,2009,19,5.05,4000,-9,-9,-9,-9,-9,-9,-9,-9,-9,-9,-9,-9
15,3,7,7,1,2009,19,7,6,2009,20,5.05,4000,-9,-9,-9,-9,-9,-9,-9,-9,-9,-9,-9,-9
15,3,8,7,6,2009,20,7,11,2009,21,5.05,4000,-9,-9,-9,-9,-9,-9,-9,-9,-9,-9,-9,-9
15,3,9,7,11,2009,21,7,16,2009,22,5.05,4000,-9,-9,-9,-9,-9,-9,-9,-9,-9,-9,-9,-9
15,3,10,7,16,2009,22,7,21,2009,23,5.05,4000,-9,-9,-9,-9,-9,-9,-9,-9,-9,-9,-9,-9
15,3,11,7,21,2009,23,7,27,2009,1,5.05,4000,-9,-9,-9,-9,-9,-9,-9,-9,-9,-9,-9,-9
15,3,12,7,27,2009,1,8,1,2009,2,5.05,4000,-9,-9,-9,-9,-9,-9,-9,-9,-9,-9,-9,-9
15,3,13,8,1,2009,2,8,6,2009,3,5.05,4000,-9,-9,-9,-9,-9,-9,-9,-9,-9,-9,-9,-9
15,3,14,8,6,2009,3,8,11,2009,4,5.05,4000,-9,-9,-9,-9,-9,-9,-9,-9,-9,-9,-9,-9
15,3,15,8,11,2009,4,8,16,2009,5,5.05,4000,-9,-9,-9,-9,-9,-9,-9,-9,-9,-9,-9,-9
15,3,16,8,16,2009,5,8,21,2009,6,5.05,4000,-9,-9,-9,-9,-9,-9,-9,-9,-9,-9,-9,-9
15,3,17,8,21,2009,6,8,26,2009,7,5.05,4000,-9,-9,-9,-9,-9,-9,-9,-9,-9,-9,-9,-9
15,3,18,8,26,2009,7,8,31,2009,9,5.05,4000,-9,-9,-9,-9,-9,-9,-9,-9,-9,-9,-9,-9
15,3,19,8,31,2009,9,9,5,2009,10,5.05,4000,-9,-9,-9,-9,-9,-9,-9,-9,-9,-9,-9,-9
15,3,20,9,5,2009,10,9,10,2009,11,5.05,4000,-9,-9,-9,-9,-9,-9,-9,-9,-9,-9,-9,-9
15,3,21,9,10,2009,11,9,15,2009,12,5.05,4000,-9,-9,-9,-9,-9,-9,-9,-9,-9,-9,-9,-9
15,4,1,6,1,2009,12,6,6,2009,13,5.05,4000,-9,-9,-9,-9,-9,-9,-9,-9,-9,-9,-9,-9
15,4,2,6,6,2009,13,6,11,2009,14,5.05,4000,-9,-9,-9,-9,-9,-9,-9,-9,-9,-9,-9,-9
15,4,3,6,11,2009,14,6,16,2009,15,5.05,4000,-9,-9,-9,-9,-9,-9,-9,-9,-9,-9,-9,-9
15,4,4,6,16,2009,15,6,21,2009,17,5.05,4000,-9,-9,-9,-9,-9,-9,-9,-9,-9,-9,-9,-9
15,4,5,6,21,2009,17,6,26,2009,18,5.05,4000,-9,-9,-9,-9,-9,-9,-9,-9,-9,-9,-9,-9
15,4,6,6,26,2009,18,7,1,2009,19,5.05,4000,-9,-9,-9,-9,-9,-9,-9,-9,-9,-9,-9,-9
15,4,7,7,1,2009,19,7,6,2009,20,5.05,4000,-9,-9,-9,-9,-9,-9,-9,-9,-9,-9,-9,-9
15,4,8,7,6,2009,20,7,11,2009,21,5.05,4000,-9,-9,-9,-9,-9,-9,-9,-9,-9,-9,-9,-9
15,4,9,7,11,2009,21,7,16,2009,22,5.05,4000,-9,-9,-9,-9,-9,-9,-9,-9,-9,-9,-9,-9
15,4,10,7,16,2009,22,7,21,2009,23,5.05,4000,-9,-9,-9,-9,-9,-9,-9,-9,-9,-9,-9,-9
15,4,11,7,21,2009,23,7,27,2009,1,5.05,4000,-9,-9,-9,-9,-9,-9,-9,-9,-9,-9,-9,-9
15,4,12,7,27,2009,1,8,1,2009,2,5.05,4000,-9,-9,-9,-9,-9,-9,-9,-9,-9,-9,-9,-9
15,4,13,8,1,2009,2,8,6,2009,3,5.05,4000,-9,-9,-9,-9,-9,-9,-9,-9,-9,-9,-9,-9
15,4,14,8,6,2009,3,8,11,2009,4,5.05,4000,-9,-9,-9,-9,-9,-9,-9,-9,-9,-9,-9,-9
15,4,15,8,11,2009,4,8,16,2009,5,5.05,4000,-9,-9,-9,-9,-9,-9,-9,-9,-9,-9,-9,-9
15,4,16,8,16,2009,5,8,21,2009,6,5.05,4000,-9,-9,-9,-9,-9,-9,-9,-9,-9,-9,-9,-9
15,4,17,8,21,2009,6,8,26,2009,7,5.05,4000,-9,-9,-9,-9,-9,-9,-9,-9,-9,-9,-9,-9
15,4,18,8,26,2009,7,8,31,2009,9,5.05,4000,-9,-9,-9,-9,-9,-9,-9,-9,-9,-9,-9,-9
15,4,19,8,31,2009,9,9,5,2009,10,5.05,4000,-9,-9,-9,-9,-9,-9,-9,-9,-9,-9,-9,-9
15,4,20,9,5,2009,10,9,10,2009,11,5.05,4000,-9,-9,-9,-9,-9,-9,-9,-9,-9,-9,-9,-9
15,4,21,9,10,2009,11,9,15,2009,12,5.05,4000,-9,-9,-9,-9,-9,-9,-9,-9,-9,-9,-9,-9
16,1,1,6,1,2012,0,6,6,2012,19,5.81,2800,1.84,-9,0.124,-9,-9,-9,0.81,-9,-9,-9,-9,-9
16,1,2,6,6,2012,19,6,12,2012,15,5.81,2800,3.6,-9,0.246,-9,-9,-9,1.45,-9,-9,-9,-9,-9
16,1,3,6,12,2012,15,6,18,2012,10,5.81,2800,4.99,-9,0.344,-9,-9,-9,1.97,-9,-9,-9,-9,-9
16,1,4,6,18,2012,10,6,24,2012,6,5.81,2800,3.77,-9,0.251,-9,-9,-9,1.49,-9,-9,-9,-9,-9
16,1,5,6,24,2012,6,6,30,2012,1,5.81,2800,3.31,-9,0.206,-9,-9,-9,1.29,-9,-9,-9,-9,-9
16,1,6,6,30,2012,1,7,5,2012,21,5.81,2800,5.47,-9,0.319,-9,-9,-9,2.42,-9,-9,-9,-9,-9
16,1,7,7,5,2012,21,7,11,2012,16,5.81,2800,4.22,-9,0.256,-9,-9,-9,1.72,-9,-9,-9,-9,-9
16,1,8,7,11,2012,16,7,17,2012,11,5.81,2800,5.17,-9,0.329,-9,-9,-9,2.02,-9,-9,-9,-9,-9
16,1,9,7,17,2012,11,7,23,2012,7,5.81,2800,4.92,-9,0.373,-9,-9,-9,1.11,-9,-9,-9,-9,-9
16,1,10,7,23,2012,7,7,29,2012,2,5.81,2800,2.83,-9,0.199,-9,-9,-9,0.86,-9,-9,-9,-9,-9
16,1,11,7,29,2012,2,8,3,2012,22,5.81,2800,3.44,-9,0.245,-9,-9,-9,1.05,-9,-9,-9,-9,-9
16,1,12,8,3,2012,22,8,9,2012,17,5.81,2800,1.22,-9,0.084,-9,-9,-9,0.43,-9,-9,-9,-9,-9
16,1,13,8,9,2012,17,8,15,2012,13,5.81,2800,2.1,-9,0.144,-9,-9,-9,0.79,-9,-9,-9,-9,-9
16,1,14,8,15,2012,13,8,21,2012,8,5.81,2800,2.46,-9,0.149,-9,-9,-9,0.88,-9,-9,-9,-9,-9
16,1,15,8,21,2012,8,8,27,2012,3,5.81,2800,1.75,-9,0.106,-9,-9,-9,0.69,-9,-9,-9,-9,-9
16,1,16,8,27,2012,3,9,1,2012,23,5.81,2800,2.45,-9,0.158,-9,-9,-9,1.08,-9,-9,-9,-9,-9
16,1,17,9,1,2012,23,9,7,2012,18,5.81,2800,2.33,-9,0.123,-9,-9,-9,0.82,-9,-9,-9,-9,-9
16,1,18,9,7,2012,18,9,13,2012,14,5.81,2800,2.02,-9,0.125,-9,-9,-9,0.81,-9,-9,-9,-9,-9
16,1,19,9,13,2012,14,9,19,2012,9,5.81,2800,2.36,-9,0.133,-9,-9,-9,1.07,-9,-9,-9,-9,-9
16,1,20,9,19,2012,9,9,25,2012,5,5.81,2800,1.71,-9,0.109,-9,-9,-9,0.7,-9,-9,-9,-9,-9
16,1,21,9,25,2012,5,9,30,2012,24,5.81,2800,1.35,-9,0.084,-9,-9,-9,0.42,-9,-9,-9,-9,-9
16,2,1,6,1,2012,0,6,6,2012,19,5.81,4000,2.2,-9,0.154,-9,-9,-9,0.93,-9,-9,-9,-9,-9
16,2,2,6,6,2012,19,6,12,2012,15,5.81,4000,3.23,-9,0.208,-9,-9,-9,1.23,-9,-9,-9,-9,-9
16,2,3,6,12,2012,15,6,18,2012,10,5.81,4000,1.5,-9,0.106,-9,-9,-9,0.51,-9,-9,-9,-9,-9
16,2,4,6,18,2012,10,6,24,2012,6,5.81,4000,2.33,-9,0.145,-9,-9,-9,0.74,-9,-9,-9,-9,-9
16,2,5,6,24,2012,6,6,30,2012,1,5.81,4000,2.79,-9,0.195,-9,-9,-9,1.15,-9,-9,-9,-9,-9
16,2,6,6,30,2012,1,7,5,2012,21,5.81,4000,3.12,-9,0.186,-9,-9,-9,1.36,-9,-9,-9,-9,-9
16,2,7,7,5,2012,21,7,11,2012,16,5.81,4000,1.88,-9,0.127,-9,-9,-9,0.84,-9,-9,-9,-9,-9
16,2,8,7,11,2012,16,7,17,2012,11,5.81,4000,4.47,-9,0.256,-9,-9,-9,1.96,-9,-9,-9,-9,-9
16,2,9,7,17,2012,11,7,23,2012,7,5.81,4000,5.48,-9,0.399,-9,-9,-9,1.47,-9,-9,-9,-9,-9
16,2,10,7,23,2012,7,7,29,2012,2,5.81,4000,3.79,-9,0.257,-9,-9,-9,1.12,-9,-9,-9,-9,-9
16,2,11,7,29,2012,2,8,3,2012,22,5.81,4000,3.51,-9,0.236,-9,-9,-9,1.17,-9,-9,-9,-9,-9
16,2,12,8,3,2012,22,8,9,2012,17,5.81,4000,3.41,-9,0.235,-9,-9,-9,1.03,-9,-9,-9,-9,-9
16,2,13,8,9,2012,17,8,15,2012,13,5.81,4000,2,-9,0.106,-9,-9,-9,0.95,-9,-9,-9,-9,-9
16,2,14,8,15,2012,13,8,21,2012,8,5.81,4000,1.77,-9,0.101,-9,-9,-9,1.05,-9,-9,-9,-9,-9
16,2,15,8,21,2012,8,8,27,2012,3,5.81,4000,1.9,-9,0.118,-9,-9,-9,1.21,-9,-9,-9,-9,-9
16,2,16,8,27,2012,3,9,1,2012,23,5.81,4000,1.45,-9,0.091,-9,-9,-9,0.57,-9,-9,-9,-9,-9
16,2,17,9,1,2012,23,9,7,2012,18,5.81,4000,1.2,-9,0.068,-9,-9,-9,0.5,-9,-9,-9,-9,-9
16,2,18,9,7,2012,18,9,13,2012,14,5.81,4000,2.1,-9,0.118,-9,-9,-9,0.87,-9,-9,-9,-9,-9
16,2,19,9,13,2012,14,9,19,2012,9,5.81,4000,1.42,-9,0.078,-9,-9,-9,0.56,-9,-9,-9,-9,-9
16,2,20,9,19,2012,9,9,25,2012,5,5.81,4000,2.03,-9,0.132,-9,-9,-9,0.77,-9,-9,-9,-9,-9
16,2,21,9,25,2012,5,9,30,2012,24,5.81,4000,1.74,-9,0.109,-9,-9,-9,0.58,-9,-9,-9,-9,-9
17,1,1,3,15,2014,12,3,27,2014,4,11.67,4000,1.25,-9,0.078,-9,0.01024,0.00003,0.5,-9,-9,-9,-9,-9
17,1,2,3,27,2014,4,4,7,2014,20,11.67,4000,1.8,-9,0.11,-9,0.01148,0.00172,0.82,-9,-9,-9,-9,-9
17,1,3,4,7,2014,20,4,19,2014,12,11.67,4000,1.93,-9,0.108,-9,0.01138,0.00061,0.98,-9,-9,-9,-9,-9
17,1,4,4,19,2014,12,5,1,2014,4,11.67,4000,1.62,-9,0.097,-9,0.01063,0.00024,0.85,-9,-9,-9,-9,-9
17,1,5,5,1,2014,4,5,12,2014,20,11.67,4000,1.98,-9,0.126,-9,0.01213,0.00095,0.88,-9,-9,-9,-9,-9
17,1,6,5,12,2014,20,5,24,2014,12,11.67,4000,2.61,-9,0.16,-9,0.01412,0.00036,1.08,-9,-9,-9,-9,-9
17,1,7,5,24,2014,12,6,5,2014,4,11.67,4000,2.64,-9,0.158,-9,0.01372,0.0002,1.15,-9,-9,-9,-9,-9
17,1,8,6,5,2014,4,6,16,2014,20,11.67,4000,2.52,-9,0.182,-9,0.01377,0.00133,0.99,-9,-9,-9,-9,-9
17,1,9,6,16,2014,20,6,28,2014,12,11.67,4000,2.49,-9,0.164,-9,0.01454,-9,1.03,-9,-9,-9,-9,-9
17,1,10,6,28,2014,12,7,10,2014,4,11.67,4000,2,-9,0.126,-9,0.0104,0.00013,0.85,-9,-9,-9,-9,-9
17,1,11,7,10,2014,4,7,21,2014,20,11.67,4000,1.57,-9,0.104,-9,0.01172,0.00059,0.67,-9,-9,-9,-9,-9
17,1,12,7,21,2014,20,8,2,2014,12,11.67,4000,2.55,-9,0.163,-9,0.01313,0.00081,-9,-9,-9,-9,-9,-9
17,1,13,8,2,2014,12,8,14,2014,4,11.67,4000,2.54,-9,0.187,-9,0.01622,-9,1.04,-9,-9,-9,-9,-9
17,1,14,8,14,2014,4,8,25,2014,20,11.67,4000,2.36,-9,0.157,-9,0.01553,0.0021,1.1,-9,-9,-9,-9,-9
17,1,15,8,25,2014,20,9,6,2014,12,11.67,4000,2.04,-9,0.141,-9,0.01171,0.00188,0.8,-9,-9,-9,-9,-9
17,1,16,9,6,2014,12,9,18,2014,4,11.67,4000,1.95,-9,0.125,-9,0.01468,0.0026,0.83,-9,-9,-9,-9,-9
17,1,17,9,18,2014,4,9,29,2014,20,11.67,4000,2.2,-9,0.125,-9,0.01182,0.00064,0.95,-9,-9,-9,-9,-9
17,1,18,9,29,2014,20,10,11,2014,12,11.67,4000,1.88,-9,0.119,-9,0.01151,0.00037,0.81,-9,-9,-9,-9,-9
17,1,19,10,11,2014,12,10,23,2014,4,11.67,4000,2.05,-9,0.139,-9,0.0142,0.00113,1.02,-9,-9,-9,-9,-9
17,1,20,10,23,2014,4,11,3,2014,20,11.67,4000,2.36,-9,0.151,-9,0.01447,0.00127,1.01,-9,-9,-9,-9,-9
17,1,21,11,3,2014,20,11,15,2014,12,11.67,4000,2.14,-9,0.118,-9,0.01688,0.00011,1.07,-9,-9,-9,-9,-9
18,1,1,4,10,2015,12,4,20,2015,17,10.19,2800,-9,-9,-9,-9,-9,-9,-9,-9,-9,-9,-9,-9
18,1,2,4,20,2015,17,4,30,2015,21,10.19,2800,-9,-9,-9,-9,-9,-9,-9,-9,-9,-9,-9,-9
18,1,3,4,30,2015,21,5,11,2015,2,10.19,2800,-9,-9,-9,-9,-9,-9,-9,-9,-9,-9,-9,-9
18,1,4,5,11,2015,2,5,21,2015,6,10.19,2800,-9,-9,-9,-9,-9,-9,-9,-9,-9,-9,-9,-9
18,1,5,5,21,2015,6,5,31,2015,11,10.19,2800,-9,-9,-9,-9,-9,-9,-9,-9,-9,-9,-9,-9
18,1,6,5,31,2015,11,6,10,2015,15,10.19,2800,-9,-9,-9,-9,-9,-9,-9,-9,-9,-9,-9,-9
18,1,7,6,10,2015,15,6,20,2015,20,10.19,2800,-9,-9,-9,-9,-9,-9,-9,-9,-9,-9,-9,-9
18,1,8,6,20,2015,20,7,1,2015,1,10.19,2800,-9,-9,-9,-9,-9,-9,-9,-9,-9,-9,-9,-9
18,1,9,7,1,2015,1,7,11,2015,5,10.19,2800,-9,-9,-9,-9,-9,-9,-9,-9,-9,-9,-9,-9
18,1,10,7,11,2015,5,7,21,2015,10,10.19,2800,-9,-9,-9,-9,-9,-9,-9,-9,-9,-9,-9,-9
18,1,11,7,21,2015,10,7,31,2015,14,10.19,2800,-9,-9,-9,-9,-9,-9,-9,-9,-9,-9,-9,-9
18,1,12,7,31,2015,14,8,10,2015,19,10.19,2800,-9,-9,-9,-9,-9,-9,-9,-9,-9,-9,-9,-9
18,1,13,8,10,2015,19,8,20,2015,23,10.19,2800,-9,-9,-9,-9,-9,-9,-9,-9,-9,-9,-9,-9
18,1,14,8,20,2015,23,8,31,2015,4,10.19,2800,-9,-9,-9,-9,-9,-9,-9,-9,-9,-9,-9,-9
18,1,15,8,31,2015,4,9,10,2015,9,10.19,2800,-9,-9,-9,-9,-9,-9,-9,-9,-9,-9,-9,-9
18,1,16,9,10,2015,9,9,20,2015,13,10.19,2800,-9,-9,-9,-9,-9,-9,-9,-9,-9,-9,-9,-9
18,1,17,9,20,2015,13,9,30,2015,18,10.19,2800,-9,-9,-9,-9,-9,-9,-9,-9,-9,-9,-9,-9
18,1,18,9,30,2015,18,10,10,2015,22,10.19,2800,-9,-9,-9,-9,-9,-9,-9,-9,-9,-9,-9,-9
18,1,19,10,10,2015,22,10,21,2015,3,10.19,2800,-9,-9,-9,-9,-9,-9,-9,-9,-9,-9,-9,-9
18,1,20,10,21,2015,3,10,31,2015,7,10.19,2800,-9,-9,-9,-9,-9,-9,-9,-9,-9,-9,-9,-9
18,1,21,10,31,2015,7,11,10,2015,12,10.19,2800,-9,-9,-9,-9,-9,-9,-9,-9,-9,-9,-9,-9
18,2,1,4,10,2015,12,4,20,2015,17,10.19,4000,1.38,-9,0.123,-9,-9,-9,-9,0.432,-9,-9,-9,-9
18,2,2,4,20,2015,17,4,30,2015,21,10.19,4000,1.51,-9,0.118,-9,-9,-9,-9,0.494,-9,-9,-9,-9
18,2,3,4,30,2015,21,5,11,2015,2,10.19,4000,1.93,-9,0.15,-9,-9,-9,-9,0.665,-9,-9,-9,-9
18,2,4,5,11,2015,2,5,21,2015,6,10.19,4000,4.18,-9,0.395,-9,-9,-9,-9,1.22,-9,-9,-9,-9
18,2,5,5,21,2015,6,5,31,2015,11,10.19,4000,3.62,-9,0.273,-9,-9,-9,-9,1.079,-9,-9,-9,-9
18,2,6,5,31,2015,11,6,10,2015,15,10.19,4000,3.2,-9,0.274,-9,-9,-9,-9,1,-9,-9,-9,-9
18,2,7,6,10,2015,15,6,20,2015,20,10.19,4000,2.64,-9,0.217,-9,-9,-9,-9,0.927,-9,-9,-9,-9
18,2,8,6,20,2015,20,7,1,2015,1,10.19,4000,2.77,-9,0.226,-9,-9,-9,-9,1.056,-9,-9,-9,-9
18,2,9,7,1,2015,1,7,11,2015,5,10.19,4000,2.39,-9,0.183,-9,-9,-9,-9,0.827,-9,-9,-9,-9
18,2,10,7,11,2015,5,7,21,2015,10,10.19,4000,2.39,-9,0.206,-9,-9,-9,-9,0.747,-9,-9,-9,-9
18,2,11,7,21,2015,10,7,31,2015,14,10.19,4000,2.45,-9,0.29,-9,-9,-9,-9,0.761,-9,-9,-9,-9
18,2,12,7,31,2015,14,8,10,2015,19,10.19,4000,2.73,-9,0.239,-9,-9,-9,-9,0.948,-9,-9,-9,-9
18,2,13,8,10,2015,19,8,20,2015,23,10.19,4000,5.85,-9,0.626,-9,-9,-9,-9,1.601,-9,-9,-9,-9
18,2,14,8,20,2015,23,8,31,2015,4,10.19,4000,6.22,-9,0.679,-9,-9,-9,-9,1.341,-9,-9,-9,-9
18,2,15,8,31,2015,4,9,10,2015,9,10.19,4000,4.16,-9,0.364,-9,-9,-9,-9,1.312,-9,-9,-9,-9
18,2,16,9,10,2015,9,9,20,2015,13,10.19,4000,5.04,-9,0.401,-9,-9,-9,-9,1.791,-9,-9,-9,-9
18,2,17,9,20,2015,13,9,30,2015,18,10.19,4000,3.4,-9,0.272,-9,-9,-9,-9,1.039,-9,-9,-9,-9
18,2,18,9,30,2015,18,10,10,2015,22,10.19,4000,2.74,-9,0.182,-9,-9,-9,-9,0.988,-9,-9,-9,-9
18,2,19,10,10,2015,22,10,21,2015,3,10.19,4000,2.14,-9,0.156,-9,-9,-9,-9,0.856,-9,-9,-9,-9
18,2,20,10,21,2015,3,10,31,2015,7,10.19,4000,2.27,-9,0.173,-9,-9,-9,-9,0.822,-9,-9,-9,-9
18,2,21,10,31,2015,7,11,10,2015,12,10.19,4000,1.92,-9,0.142,-9,-9,-9,-9,0.686,-9,-9,-9,-9
19,1,1,6,1,2016,12,6,9,2016,17,8.19,4000,0.77,0.04,0.051,0.009,-9,-9,-9,0.395,-9,-9,-9,-9
19,1,2,6,9,2016,17,6,17,2016,21,8.19,4000,0.96,0.05,0.06,0.004,-9,-9,-9,0.37,-9,-9,-9,-9
19,1,3,6,17,2016,21,6,26,2016,2,8.19,4000,1.92,0.05,0.131,0.004,-9,-9,-9,0.824,-9,-9,-9,-9
19,1,4,6,26,2016,2,7,4,2016,6,8.19,4000,2.22,0.03,0.141,0.012,-9,-9,-9,0.989,-9,-9,-9,-9
19,1,5,7,4,2016,6,7,12,2016,11,8.19,4000,5.02,0.13,0.345,0.019,-9,-9,-9,1.863,-9,-9,-9,-9
19,1,6,7,12,2016,11,7,20,2016,15,8.19,4000,3.44,0.09,0.247,0.005,-9,-9,-9,1.201,-9,-9,-9,-9
19,1,7,7,20,2016,15,7,28,2016,20,8.19,4000,5.27,0.1,0.34,0.002,-9,-9,-9,2.038,-9,-9,-9,-9
19,1,8,7,28,2016,20,8,6,2016,1,8.19,4000,5.51,0.23,0.348,0.015,-9,-9,-9,2.225,-9,-9,-9,-9
19,1,9,8,6,2016,1,8,14,2016,5,8.19,4000,3.78,0.1,0.276,0.011,-9,-9,-9,2.205,-9,-9,-9,-9
19,1,10,8,14,2016,5,8,22,2016,10,8.19,4000,3.86,0.12,0.242,0.009,-9,-9,-9,1.599,-9,-9,-9,-9
19,1,11,8,22,2016,10,8,30,2016,14,8.19,4000,3,0.03,0.179,0.004,-9,-9,-9,1.19,-9,-9,-9,-9
19,1,12,8,30,2016,14,9,7,2016,19,8.19,4000,2.83,0.1,0.189,0.012,-9,-9,-9,1.06,-9,-9,-9,-9
19,1,13,9,7,2016,19,9,15,2016,23,8.19,4000,2.85,0.02,0.172,0.002,-9,-9,-9,1.113,-9,-9,-9,-9
19,1,14,9,15,2016,23,9,24,2016,4,8.19,4000,2.72,0.03,0.168,0.004,-9,-9,-9,1.128,-9,-9,-9,-9
19,1,15,9,24,2016,4,10,2,2016,9,8.19,4000,1.68,0.02,0.101,0.006,-9,-9,-9,0.738,-9,-9,-9,-9
19,1,16,10,2,2016,9,10,10,2016,13,8.19,4000,2.64,0.07,0.158,0.009,-9,-9,-9,1.23,-9,-9,-9,-9
19,1,17,10,10,2016,13,10,18,2016,18,8.19,4000,1.93,0.09,0.119,0.003,-9,-9,-9,0.984,-9,-9,-9,-9
19,1,18,10,18,2016,18,10,26,2016,22,8.19,4000,2.64,0.05,0.147,0.006,-9,-9,-9,1.291,-9,-9,-9,-9
19,1,19,10,26,2016,22,11,4,2016,3,8.19,4000,1.39,0.03,0.078,0.008,-9,-9,-9,1.069,-9,-9,-9,-9
19,1,20,11,4,2016,3,11,12,2016,7,8.19,4000,1.79,0.02,0.103,0.002,-9,-9,-9,1.146,-9,-9,-9,-9
19,1,21,11,12,2016,7,11,20,2016,12,8.19,4000,1.9,0.01,0.111,0.003,-9,-9,-9,0.911,-9,-9,-9,-9
20,1,1,6,1,2017,12,6,8,2017,19,7.29,4000,1.07,0.04,0.066,0.004,-9,-9,-9,0.282,-9,-9,-9,-9
20,1,2,6,8,2017,19,6,16,2017,2,7.29,4000,2.49,0.02,0.144,0.004,-9,-9,-9,0.624,-9,-9,-9,-9
20,1,3,6,16,2017,2,6,23,2017,9,7.29,4000,1.46,0.02,0.094,0.003,-9,-9,-9,0.422,-9,-9,-9,-9
20,1,4,6,23,2017,9,6,30,2017,15,7.29,4000,1.94,0.01,0.115,0.002,-9,-9,-9,0.574,-9,-9,-9,-9
20,1,5,6,30,2017,15,7,7,2017,22,7.29,4000,1.59,0.04,0.101,0.006,-9,-9,-9,0.481,-9,-9,-9,-9
20,1,6,7,7,2017,22,7,15,2017,5,7.29,4000,2.72,0.04,0.162,0.006,-9,-9,-9,0.823,-9,-9,-9,-9
20,1,7,7,15,2017,5,7,22,2017,12,7.29,4000,3.33,0.11,0.2,0.005,-9,-9,-9,0.946,-9,-9,-9,-9
20,1,8,7,22,2017,12,7,29,2017,19,7.29,4000,2.85,0.06,0.179,0.002,-9,-9,-9,0.477,-9,-9,-9,-9
20,1,9,7,29,2017,19,8,6,2017,2,7.29,4000,3.18,0.13,0.2,0.008,-9,-9,-9,0.693,-9,-9,-9,-9
20,1,10,8,6,2017,2,8,13,2017,9,7.29,4000,3.85,0.05,0.245,0.01,-9,-9,-9,0.937,-9,-9,-9,-9
20,1,11,8,13,2017,9,8,20,2017,15,7.29,4000,3.79,0.05,0.242,0.002,-9,-9,-9,0.788,-9,-9,-9,-9
20,1,12,8,20,2017,15,8,27,2017,22,7.29,4000,3.6,0.03,0.242,0.007,-9,-9,-9,1.332,-9,-9,-9,-9
20,1,13,8,27,2017,22,9,4,2017,5,7.29,4000,2.57,0.1,0.152,0.007,-9,-9,-9,0.7,-9,-9,-9,-9
20,1,14,9,4,2017,5,9,11,2017,12,7.29,4000,2.89,0.08,0.175,0.008,-9,-9,-9,0.797,-9,-9,-9,-9
20,1,15,9,11,2017,12,9,18,2017,19,7.29,4000,2.17,0.03,0.131,0.006,-9,-9,-9,0.86,-9,-9,-9,-9
20,1,16,9,18,2017,19,9,26,2017,2,7.29,4000,1.53,0.03,0.099,0.007,-9,-9,-9,0.521,-9,-9,-9,-9
20,1,17,9,26,2017,2,10,3,2017,9,7.29,4000,-9,-9,-9,-9,-9,-9,-9,-9,-9,-9,-9,-9
20,1,18,10,3,2017,9,10,10,2017,15,7.29,4000,-9,-9,-9,-9,-9,-9,-9,-9,-9,-9,-9,-9
20,1,19,10,10,2017,15,10,17,2017,22,7.29,4000,-9,-9,-9,-9,-9,-9,-9,-9,-9,-9,-9,-9
20,1,20,10,17,2017,22,10,25,2017,5,7.29,4000,-9,-9,-9,-9,-9,-9,-9,-9,-9,-9,-9,-9
20,1,21,10,25,2017,5,11,1,2017,12,7.29,4000,-9,-9,-9,-9,-9,-9,-9,-9,-9,-9,-9,-9
21,1,1,6,1,2018,0,6,6,2018,18,5.76,4000,3.53,0.17,0.211,0.007,-9,-9,-9,-9,-9,-9,-9,-9
21,1,2,6,6,2018,18,6,12,2018,13,5.76,4000,3.12,0.24,0.167,0.01,-9,-9,-9,-9,-9,-9,-9,-9
21,1,3,6,12,2018,13,6,18,2018,7,5.76,4000,2.84,0.1,0.146,0.005,-9,-9,-9,-9,-9,-9,-9,-9
21,1,4,6,18,2018,7,6,24,2018,1,5.76,4000,4.69,0.25,0.258,0.017,-9,-9,-9,-9,-9,-9,-9,-9
21,1,5,6,24,2018,1,6,29,2018,19,5.76,4000,3.01,0.03,0.169,0.018,-9,-9,-9,-9,-9,-9,-9,-9
21,1,6,6,29,2018,19,7,5,2018,14,5.76,4000,2.14,0.05,0.119,0.011,-9,-9,-9,-9,-9,-9,-9,-9
21,1,7,7,5,2018,14,7,11,2018,8,5.76,4000,2.55,0.06,0.124,0.008,-9,-9,-9,-9,-9,-9,-9,-9
21,1,8,7,11,2018,8,7,17,2018,2,5.76,4000,3.09,0.05,0.172,0.006,-9,-9,-9,-9,-9,-9,-9,-9
21,1,9,7,17,2018,2,7,22,2018,21,5.76,4000,4.77,0.08,0.298,0.006,-9,-9,-9,-9,-9,-9,-9,-9
21,1,10,7,22,2018,21,7,28,2018,15,5.76,4000,4.15,0.23,0.251,0.008,-9,-9,-9,-9,-9,-9,-9,-9
21,1,11,7,28,2018,15,8,3,2018,9,5.76,4000,3.75,0.05,0.237,0.006,-9,-9,-9,-9,-9,-9,-9,-9
21,1,12,8,3,2018,9,8,9,2018,3,5.76,4000,4.6,0.18,0.278,0.038,-9,-9,-9,-9,-9,-9,-9,-9
21,1,13,8,9,2018,3,8,14,2018,22,5.76,4000,3.47,0.2,0.195,0.006,-9,-9,-9,-9,-9,-9,-9,-9
21,1,14,8,14,2018,22,8,20,2018,16,5.76,4000,3.58,0.13,0.203,0.002,-9,-9,-9,-9,-9,-9,-9,-9
21,1,15,8,20,2018,16,8,26,2018,10,5.76,4000,4.08,0.21,0.233,0.015,-9,-9,-9,-9,-9,-9,-9,-9
21,1,16,8,26,2018,10,9,1,2018,5,5.76,4000,3.27,0.12,0.185,0.01,-9,-9,-9,-9,-9,-9,-9,-9
21,1,17,9,1,2018,5,9,6,2018,23,5.76,4000,1.74,0.03,0.098,0.003,-9,-9,-9,-9,-9,-9,-9,-9
21,1,18,9,6,2018,23,9,12,2018,17,5.76,4000,1.76,0.06,0.097,0.011,-9,-9,-9,-9,-9,-9,-9,-9
21,1,19,9,12,2018,17,9,18,2018,11,5.76,4000,1.94,0.07,0.113,0.005,-9,-9,-9,-9,-9,-9,-9,-9
21,1,20,9,18,2018,11,9,24,2018,6,5.76,4000,2.77,0.1,0.171,0.011,-9,-9,-9,-9,-9,-9,-9,-9
21,1,21,9,24,2018,6,9,29,2018,24,5.76,4000,3.12,0.11,0.178,0.012,-9,-9,-9,-9,-9,-9,-9,-9
21,2,1,7,1,2018,0,7,3,2018,21,2.86,4000,2.1,0.05,0.131,0.023,-9,-9,-9,-9,-9,-9,-9,-9
21,2,2,7,3,2018,21,7,6,2018,17,2.86,4000,3.24,0.01,0.183,0.015,-9,-9,-9,-9,-9,-9,-9,-9
21,2,3,7,6,2018,17,7,9,2018,14,2.86,4000,1.31,0.03,0.07,0.011,-9,-9,-9,-9,-9,-9,-9,-9
21,2,4,7,9,2018,14,7,12,2018,10,2.86,4000,1.7,0.05,0.083,0.008,-9,-9,-9,-9,-9,-9,-9,-9
21,2,5,7,12,2018,10,7,15,2018,7,2.86,4000,3.61,0.05,0.221,0.026,-9,-9,-9,-9,-9,-9,-9,-9
21,2,6,7,15,2018,7,7,18,2018,3,2.86,4000,3.47,0.04,0.244,0.011,-9,-9,-9,-9,-9,-9,-9,-9
21,2,7,7,18,2018,3,7,20,2018,24,2.86,4000,4.21,0.09,0.31,0.02,-9,-9,-9,-9,-9,-9,-9,-9
21,2,8,7,20,2018,24,7,23,2018,21,2.86,4000,3.23,0.18,0.233,0.003,-9,-9,-9,-9,-9,-9,-9,-9
21,2,9,7,23,2018,21,7,26,2018,17,2.86,4000,3.43,0.14,0.202,0.016,-9,-9,-9,-9,-9,-9,-9,-9
21,2,10,7,26,2018,17,7,29,2018,14,2.86,4000,3.33,0.11,0.229,0.028,-9,-9,-9,-9,-9,-9,-9,-9
21,2,11,7,29,2018,14,8,1,2018,10,2.86,4000,3.68,0.13,0.241,0.027,-9,-9,-9,-9,-9,-9,-9,-9
21,2,12,8,1,2018,10,8,4,2018,7,2.86,4000,3.43,0.09,0.25,0.017,-9,-9,-9,-9,-9,-9,-9,-9
21,2,13,8,4,2018,7,8,7,2018,3,2.86,4000,3.09,0.4,0.214,0.005,-9,-9,-9,-9,-9,-9,-9,-9
21,2,14,8,7,2018,3,8,9,2018,24,2.86,4000,4.81,0.13,0.332,0.03,-9,-9,-9,-9,-9,-9,-9,-9
21,2,15,8,9,2018,24,8,12,2018,21,2.86,4000,4.29,0.07,0.308,0.009,-9,-9,-9,-9,-9,-9,-9,-9
21,2,16,8,12,2018,21,8,15,2018,17,2.86,4000,2.99,0.19,0.199,0.017,-9,-9,-9,-9,-9,-9,-9,-9
21,2,17,8,15,2018,17,8,18,2018,14,2.86,4000,1.55,0.03,0.111,0.01,-9,-9,-9,-9,-9,-9,-9,-9
21,2,18,8,18,2018,14,8,21,2018,10,2.86,4000,4.33,0.04,0.267,0.016,-9,-9,-9,-9,-9,-9,-9,-9
21,2,19,8,21,2018,10,8,24,2018,7,2.86,4000,3.05,0.18,0.199,0.015,-9,-9,-9,-9,-9,-9,-9,-9
21,2,20,8,24,2018,7,8,27,2018,3,2.86,4000,3.65,0.1,0.228,0.008,-9,-9,-9,-9,-9,-9,-9,-9
21,2,21,8,27,2018,3,8,29,2018,24,2.86,4000,3.12,0.22,0.195,0.025,-9,-9,-9,-9,-9,-9,-9,-9