OFP 3200m Flux Data,,,,,,,,,,,,,,,,,,,,,,
Database current as of 6Nov2020,,,,,,,,,,,,,,,,,,,,,,
,Seq.Day,,,SAMPLE START DATE,,,,,,,,,,particles,Supernatant,,,,,,,
,(Start,Mid-seq.,,,,Julian,mid,mid ,Days,Mass flux,CaCO3flux,Corg flux,N flux,Ppart flux,Psuper flux,Opal flux,lith flux,,,,,
Sample ID,Day),Day,Year,Mo.,Day,Day,JDAY,JDAY180,open,mg/m2/d,mg/m2/d,mg/m2/d,mg/m2/d,ug m-2 d-1,ug m-2 d-1,mg/m2/d,mg/m2/d,,,,,
%  6/78,0,31,1978,4,6,96,127,309,62,35.07,19.21,1.78,0.21,,,5.12,6.63,,,,,
%  8/78,62,93,1978,6,7,158,189,7,62,26.08,14.58,1.25,0.16,,,3.63,4.99,,,,,
% 10/78,125,156,1978,8,9,221,252,70,62,25.35,14.38,1.21,0.15,,,3.38,4.82,,,,,
%  2/79,250,282,1978,12,12,346,13,195,64,41.04,23.02,1.96,0.25,,,6.53,6.99,,,,,
%  5/79,353,387,1979,3,25,84,118,300,68,58.82,31.69,3.05,0.38,,,9.43,10.69,,,,,
%  7/79,421,451,1979,6,1,152,182,1,60,24.24,13.45,1.03,0.13,,,3.35,5.08,,,,,
%9/79???,,,,,,,,,,,,,,,,,,,,,,
% 12/79,555,581,1979,10,13,286,312,130,52,20.38,10.48,0.76,0.10,,,,,,,,,
%  2/80,609,639.5,1979,12,6,340,5.5,188,61,50.05,30.22,2.69,0.33,,,7.44,6.21,,,,,
%  4/80,672,702.5,1980,2,7,38,68.5,251,61,51.13,33.23,2.21,0.26,,,5.47,7.34,,,,,
%  6/80,741,772.5,1980,4,16,108,139.5,322,63,51.09,29.25,2.38,0.30,,,7.61,8.77,,,,,
%  8/80,807,833,1980,6,21,173,199,17,52,17.95,9.62,0.84,0.11,,,2.50,3.89,,,,,
% 10/80,859,891,1980,8,12,225,257,75,64,22.84,13.03,1.01,0.12,,,3.43,4.06,,,,,
% 12/80,926,952.5,1980,10,18,292,318.5,137,53,31.26,18.12,1.31,0.18,,,3.94,6.16,,,,,
%2/81???,,,,,,,,,,,,,,,,,,,,,,
%  4/81,1037,1067.5,1981,2,6,37,67.5,250,61,52.80,30.09,2.65,0.32,,,7.94,8.67,,,,,
%  5/81,1099,1123,1981,4,9,99,123,305,48,120.40,79.50,5.58,0.62,,,18.55,9.51,,,,,
%  7/81,1148,1175.5,1981,5,28,148,175.5,358,55,45.59,28.24,1.88,0.22,,,7.27,5.75,,,,,
%  9/81,1203,1231,1981,7,22,203,231,49,56,34.75,19.82,1.52,0.18,,,4.64,6.79,,,,,
% 12/81,1261,1299,1981,9,18,230,268,86,76,30.57,16.14,1.32,0.16,,,4.55,6.85,,,,,
%  2/82,1337,1368,1981,12,3,337,368,186,62,41.61,24.48,1.92,0.24,,,6.24,6.48,,,,,
%  4/82,1399,1430.5,1982,2,3,34,65.5,248,63,50.46,29.80,2.50,0.32,,,7.11,7.82,,,,,
%  6/82,1469,1497,1982,4,14,104,132,314,56,55.56,27.39,2.30,0.28,,,11.61,11.27,,,,,
%  8/82,1528,1561.5,1982,6,12,163,196.5,15,67,81.80,39.98,3.70,0.41,,,19.54,13.77,,,,,
% 12/82,1657,1682,1982,10,19,292,317,135,50,39.14,18.61,1.51,0.20,,,6.19,10.86,,,,,
%  3/83,1748,1777,1983,1,18,18,47,229,58,74.84,56.76,2.84,0.34,,,7.16,4.39,,,,,
%  5/83,1806,1841,1983,3,17,76,111,293,70,55.05,32.87,2.65,0.33,,,7.93,8.15,,,,,
%  7/83,1876,1900,1983,5,26,146,170,352,48,33.60,20.01,1.45,0.18,,,4.69,5.56,,,,,
%  9/83,1925,1959.5,1983,7,14,195,229.5,48,69,46.01,26.14,2.16,0.26,,,7.95,6.96,,,,,
% 11/83,1994,2022,1983,9,21,264,292,110,56,26.51,14.17,1.15,0.14,,,3.47,6.22,,,,,
%  1/84,2050,2081.5,1983,11,16,320,351.5,170,63,26.16,14.11,1.14,0.13,,,3.64,5.79,,,,,
%  3/84,2113,2141,1984,1,18,18,46,228,56,16.70,10.30,0.74,0.09,,,2.12,2.58,,,,,
%  5/84,2184,2209,1984,3,29,89,114,296,50,43.96,29.60,1.75,0.22,,,3.53,6.80,,,,,
OFP,,,,,,,,,,,,,,,,,,,,,,
%  5/84,2184,2209,1984,3,29,89,114,296,50,33.23,18.77,1.36,0.18,,,4.89,6.45,,,,,
%  9/84,2305,2332,1984,7,28,210,237,55,54,30.46,17.45,1.32,0.18,,,3.75,6.22,,,,,
%  1/85,2417,2446,1984,11,17,322,351,169,58,24.83,14.10,1.12,,,,2.74,5.40,,,,,
%  3/85,2492,2518.5,1985,1,31,31,57.5,240,53,42.98,23.89,2.59,0.33,,,4.75,8.38,,,,,
%  5/85,2548,2571,1985,3,28,87,110,292,46,43.84,25.28,2.23,0.32,,,6.58,6.87,,,,,
%  7/85,2595,2627,1985,5,14,134,166,348,64,29.18,16.55,1.27,0.20,,,3.17,6.54,,,,,
% 10/85,2679,2707,1985,8,6,218,246,64,56,28.97,15.95,1.41,0.20,,,3.12,6.65,,,,,
% 11/85,2737,2760,1985,10,3,276,299,117,46,33.13,18.44,1.51,0.22,,,4.02,7.19,,,,,
%  1/86,2784,2815,1985,11,19,323,354,172,62,44.15,27.41,1.89,0.22,,,4.83,7.57,,,,,
%  4/86,2853,2885,1986,1,27,27,59,241,64,50.74,29.89,2.15,0.28,,,6.39,9.51,,,,,
%  6/86,2920,2949.5,1986,4,4,94,123.5,306,59,38.74,23.93,1.65,0.19,,,4.56,6.46,,,,,
%  7/86,2980,3005,1986,6,3,154,179,361,50,29.31,16.88,1.52,0.15,,,3.36,5.56,,,,,
%  1/87,3144,3178,1986,11,14,318,352,170,68,25.86,14.99,1.17,0.13,,,2.54,5.64,,,,,
%  3/87,3213,3243.5,1987,1,22,22,52.5,235,61,48.00,29.47,1.92,0.31,,,5.07,9.03,,,,,
%  5/87,3277,3303.5,1987,3,27,86,112.5,295,53,44.04,29.06,1.91,0.26,,,4.69,5.90,,,,,
%  7/87,3331,3365,1987,5,20,140,174,356,68,33.48,20.63,1.28,0.17,,,4.04,5.87,,,,,
%  9/87,3400,3428,1987,7,28,209,237,55,56,36.52,19.34,1.41,0.19,,,4.45,9.48,,,,,
% 11/87,3457,3481,1987,9,23,266,290,108,48,29.29,16.09,1.04,0.13,,,3.26,7.55,,,,,
%  1/88,3506,3537,1987,11,11,315,346,164,62,37.38,23.73,1.79,0.21,,,3.84,5.69,,,,,
%  3/88,3570,3600,1988,1,14,14,44,226,60,38.52,23.97,1.87,0.27,,,4.14,6.12,,,,,
%  5/88,3635,3664,1988,3,19,79,108,290,58,49.31,29.02,2.53,0.40,,,6.31,8.17,,,,,
%  7/88,3694,3721.5,1988,5,17,138,165.5,348,55,50.44,29.48,2.36,0.35,,,6.63,8.90,,,,,
%  9/88,3751,3781.5,1988,7,13,195,225.5,44,61,36.37,20.18,1.64,0.28,,,4.83,7.59,,,,,
% 11/88,3813,3844,1988,9,13,257,288,106,62,32.54,18.59,1.43,0.21,,,3.82,6.85,,,,,
%  1/89,3876,3914,1988,11,15,320,358,176,76,37.75,22.84,1.56,0.19,,,4.04,7.27,,,,,
%  4/89,3954,3984.5,1989,2,1,32,62.5,245,61,58.40,34.41,2.76,0.35,,,7.33,10.32,,,,,
%  6/89,4016,4047,1989,4,4,94,125,307,62,31.12,17.24,1.34,0.16,,,3.60,7.19,,,,,
%  8/89-1,4082,4089.5,1989,6,9,160,167.5,350,15,19.98,10.80,0.97,0.11,,,,,,,,,
%  8/89-2,4097,4104.5,1989,6,24,175,182.5,1,15,33.30,19.63,1.42,0.18,,,3.85,6.55,,,,,
%  8/89-3,4112,4119.5,1989,7,9,190,197.5,16,15,34.37,21.55,1.32,0.18,,,3.93,5.85,,,,,
%  8/89-4,4127,4134.5,1989,7,24,205,212.5,31,15,22.58,12.74,1.03,0.13,,,,,,,,,
% 10/89-1,4144,4151.5,1989,8,10,222,229.5,48,15,23.49,11.39,1.30,0.14,,,,,,,,,
% 10/89-2,4159,4166.5,1989,8,25,237,244.5,63,15,30.86,17.22,1.32,0.17,,,4.08,6.53,,,,,
% 10/89-3,4174,4181.5,1989,9,9,252,259.5,78,15,35.67,20.43,1.47,0.19,,,4.57,7.30,,,,,
% 10/89-4,4189,4196.5,1989,9,24,267,274.5,93,15,38.86,20.68,1.89,0.22,,,5.23,8.61,,,,,
% 12/89-1,4207,4214.5,1989,10,12,285,292.5,111,15,26.87,15.06,1.20,0.15,,,,,,,,,
% 12/89-2,4222,4229.5,1989,10,27,300,307.5,126,15,21.33,12.44,0.92,0.12,,,,,,,,,
% 12/89-3,4237,4244.5,1989,11,11,315,322.5,141,15,24.76,14.80,1.16,0.14,,,,,,,,,
% 12/89-4,4252,4259.5,1989,11,26,330,337.5,156,15,27.75,16.60,1.16,0.15,,,3.38,5.09,,,,,
%  2/90-1,4268,4275,1989,12,12,346,353,171,14,17.21,9.73,0.83,0.11,,,,,,,,,
%  2/90-2,4282,4289,1989,12,26,360,367,185,14,25.36,14.10,1.16,0.13,,,2.65,5.95,,,,,
%  2/90-3,4296,4303,1990,1,9,9,16,198,14,26.58,16.57,1.27,0.15,,,2.71,4.38,,,,,
%  2/90-4,4310,4316.5,1990,1,23,23,29.5,212,13,16.11,9.72,0.63,0.08,,,,,,,,,
%  4/90-1,4326,4333,1990,2,8,39,46,228,14,16.19,9.21,0.78,0.09,,,,,,,,,
%  4/90-2,4340,4347,1990,2,22,53,60,242,14,32.33,20.88,1.29,0.17,,,3.35,5.15,,,,,
%  4/90-3,4354,4361,1990,3,8,67,74,256,14,36.30,22.90,1.62,0.19,,,4.28,5.38,,,,,
%  4/90-4,4368,4375,1990,3,22,81,88,270,14,77.48,49.31,4.46,0.54,,,10.46,7.44,,,,,
%  8/90-1,4411,4418.5,1990,5,4,124,131.5,314,15,15.02,9.27,0.73,0.10,,,,,,,,,
%  8/90-2,4426,4433.5,1990,5,19,139,146.5,329,15,32.17,20.88,1.34,0.16,,,3.28,4.92,,,,,
%  8/90-3,4441,4445,1990,6,3,154,158,340,8,31.39,19.35,1.32,0.18,,,,,,,,,
%  8/90-4,4453,4460,1990,6,15,166,173,355,14,37.95,23.69,1.45,0.19,,,4.58,6.35,,,,,
%  8/90-5,4467,4473,1990,6,29,180,186,4,12,42.22,25.28,1.80,0.21,,,5.62,7.18,,,,,
%  8/90-6,4479,4486,1990,7,11,192,199,17,14,39.61,24.09,1.61,0.20,,,5.21,6.60,,,,,
%  8/90-7,4493,4500,1990,7,25,206,213,31,14,36.01,22.43,1.41,0.18,,,4.62,5.72,,,,,
% 12/90-1,4509,4517,1990,8,10,222,230,48,16,20.87,12.05,0.98,0.12,,,2.53,4.03,,,,,
% 12/90-2,4525,4533,1990,8,26,238,246,64,16,29.23,16.73,1.34,0.16,,,3.51,5.92,,,,,
% 12/90-3,4541,4549.5,1990,9,11,254,262.5,81,17,21.54,12.40,0.92,0.12,,,2.30,4.73,,,,,
% 12/90-4,4558,4566.5,1990,9,28,271,279.5,98,17,27.40,16.18,1.24,0.15,,,3.09,5.29,,,,,
% 12/90-5,4579,4585.5,1990,10,19,292,298.5,117,13,31.78,19.60,1.23,0.18,,,3.75,5.61,,,,,
% 12/90-6,4592,4598.5,1990,11,1,305,311.5,130,13,33.23,21.08,1.33,0.18,,,,,,,,,
% 12/90-7,4605,4611.5,1990,11,14,318,324.5,143,13,27.15,18.79,1.15,0.14,,,,,,,,,
% 12/90-8,4618,4624.5,1990,11,27,331,337.5,156,13,22.25,13.52,0.91,0.11,,,,,,,,,
%  2/91-1,4634,4640.5,1990,12,13,347,353.5,172,13,25.00,17.69,1.24,0.17,,,,,,,,,
%  2/91-2,4647,4654,1990,12,26,360,367,185,14,81.60,55.76,4.48,0.55,,,8.83,6.70,,,,,
%  2/91-3,4661,4668,1991,1,9,9,16,198,14,62.44,41.36,3.61,0.43,,,6.76,6.01,,,,,
%  2/91-4,4675,4682,1991,1,23,23,30,212,14,34.79,21.98,1.51,0.18,,,3.58,5.75,,,,,
%  4/91-1,4690,4698,1991,2,7,38,46,228,16,25.23,15.64,1.10,0.13,,,,,,,,,
%  4/91-2,4706,4714,1991,2,23,54,62,244,16,50.88,32.55,2.54,0.33,,,5.34,7.14,,,,,
%  4/91-3,4722,4729.5,1991,3,11,70,77.5,260,15,57.74,34.49,2.40,0.32,,,6.58,11.15,,,,,
%  4/91-4,4737,4744.5,1991,3,26,85,92.5,275,15,51.19,30.36,2.30,0.29,,,6.82,8.70,,,,,
%  8/91-1,4753,4761,1991,4,11,101,109,291,16,65.88,36.77,3.27,0.42,,,10.09,11.49,,,,,
%  8/91-2,4769,4776.5,1991,4,27,117,124.5,307,15,76.56,49.58,2.81,0.37,,,10.06,10.46,,,,,
%  8/91-3,4784,4791.5,1991,5,12,132,139.5,322,15,44.24,28.57,1.64,0.20,,,5.27,6.64,,,,,
%  8/91-4,4799,4834.5,1991,5,27,147,182.5,1,71,35.20,23.12,1.36,0.16,,,3.82,5.12,,,,,
% 10/91-1,4871,4878,1991,8,7,219,226,44,14,22.38,13.17,1.06,0.12,,,2.19,4.57,,,,,
% 10/91-2,4885,4892,1991,8,21,233,240,58,14,30.69,18.94,1.28,0.15,,,3.33,5.48,,,,,
% 10/91-3,4899,4906,1991,9,4,247,254,72,14,42.00,26.11,1.57,0.19,,,4.68,7.61,,,,,
% 10/91-4,4913,4920,1991,9,18,261,268,86,14,29.87,17.87,1.24,0.14,,,3.29,5.88,,,,,
% 10/91-5,4927,4934,1991,10,2,275,282,100,14,29.96,18.70,1.16,0.14,,,3.31,5.28,,,,,
% 12/91-1,4942,4950,1991,10,17,290,298,116,16,13.86,8.48,0.67,0.08,,,,,,,,,
% 12/91-2,4958,4965.5,1991,11,2,306,313.5,132,15,24.37,15.10,1.03,0.12,,,,,,,,,
% 12/91-3,4973,4981,1991,11,17,321,329,147,16,34.13,20.76,1.53,0.16,,,,,,,,,
% 4/92-1,4992,4999,1991,12,6,340,347,165,14,12.03,6.73,0.52,0.06,,,,,,,,,
% 4/92-2,5006,5013.5,1991,12,20,354,361.5,180,15,28.67,16.71,1.34,0.16,,,,,,,,,
% 4/92-3,5021,5028.5,1992,1,4,4,11.5,194,15,61.94,34.40,2.76,0.32,,,,,,,,,
% 4/92-4,5036,5043.5,1992,1,19,19,26.5,209,15,55.85,33.63,2.56,0.30,,,,,,,,,
% 4/92-5,5054,5061.5,1992,2,6,37,44.5,227,15,73.63,43.05,3.25,0.42,,,,,,,,,
% 4/92-6,5069,5076.5,1992,2,21,52,59.5,242,15,84.86,56.72,4.06,0.57,,,,,,,,,
%  4/92-7,5084,5091.5,1992,3,7,67,74.5,257,15,58.24,38.24,2.56,0.32,,,,,,,,,
%  4/92-8,5099,5106.5,1992,3,22,82,89.5,272,15,44.42,27.92,1.96,0.22,,,,,,,,,
%  6/92-1,5117,5125,1992,4,9,100,108,290,16,33.61,18.60,1.63,0.18,,,,,,,,,
%  6/92-2,5133,5140.5,1992,4,25,116,123.5,306,15,40.25,23.77,1.52,0.17,,,,,,,,,
%  6/92-3,5148,5155.5,1992,5,10,131,138.5,321,15,49.37,28.63,1.97,0.25,,,,,,,,,
%  6/92-4,5163,5170.5,1992,5,25,146,153.5,336,15,47.02,27.65,1.76,0.22,,,,,,,,,
%  8/92-1,5179,5186.5,1992,6,10,162,169.5,352,15,35.09,21.14,1.45,0.16,,,,,,,,,
%  8/92-2,5194,5202,1992,6,25,177,185,3,16,35.75,19.50,1.41,0.21,,,,,,,,,
% 10/92-1,5242,5249,1992,8,12,225,232,50,14,21.35,11.46,0.88,0.10,,,,,,,,,
% 10/92-2,5256,5263,1992,8,26,239,246,64,14,33.94,20.52,1.49,0.17,,,,,,,,,
% 10/92-3,5270,5277,1992,9,9,253,260,78,14,39.42,23.15,1.94,0.23,,,,,,,,,
% 10/92-4,5284,5290.5,1992,9,23,267,273.5,92,13,34.41,19.28,1.45,0.19,,,,,,,,,
% 12/92-1,5299,5305.5,1992,10,8,282,288.5,107,13,14.32,8.68,0.63,0.07,,,,,,,,,
% 12/92-2,5312,5319,1992,10,21,295,302,120,14,34.31,19.32,1.49,0.18,,,,,,,,,
% 12/92-3,5326,5333,1992,11,4,309,316,134,14,20.99,12.17,0.95,0.13,,,,,,,,,
% 12/92-4,5340,5346.5,1992,11,18,323,329.5,148,13,20.90,12.10,1.01,0.12,,,,,,,,,
%  4/93-1,5356,5363.5,1992,12,4,339,346.5,165,15,15.37,8.10,0.74,0.09,,,,,,,,,
%  4/93-2,5371,5378.5,1992,12,19,354,361.5,180,15,20.57,10.97,1.08,0.12,,,,,,,,,
%  4/93-3,5386,5393.5,1993,1,3,3,10.5,193,15,33.56,18.80,1.79,0.15,,,,,,,,,
%  4/93-4,5401,5408.5,1993,1,18,18,25.5,208,15,29.54,17.48,1.49,0.14,,,,,,,,,
%  4/93-5,5419,5426.5,1993,2,5,36,43.5,226,15,28.08,16.74,1.37,0.14,,,,,,,,,
%  4/93-6,5434,5441.5,1993,2,20,51,58.5,241,15,53.76,31.04,3.07,0.33,,,,,,,,,
%  4/93-7,5449,5456.5,1993,3,7,66,73.5,256,15,57.57,33.25,3.65,0.50,,,,,,,,,
%  4/93-8,5464,5471.5,1993,3,22,81,88.5,271,15,56.47,30.34,2.76,0.32,,,,,,,,,
%  6/93-1,5480,5488,1993,4,7,97,105,287,16,26.62,16.59,1.12,0.14,,,,,,,,,
%  6/93-2,5496,5504,1993,4,23,113,121,303,16,46.04,26.83,2.03,0.21,,,,,,,,,
%  6/93-3,5512,5519.5,1993,5,9,129,136.5,319,15,46.60,26.64,2.28,0.24,,,,,,,,,
%  6/93-4,5527,5534.5,1993,5,24,144,151.5,334,15,39.97,23.75,1.62,0.21,,,,,,,,,
%  8/93-1,5544,5550.5,1993,6,10,161,167.5,350,13,17.05,10.06,0.82,0.10,,,,,,,,,
%  8/93-2,5557,5564,1993,6,23,174,181,363,14,22.84,13.05,1.00,0.13,,,,,,,,,
%  8/93-3,5571,5578,1993,7,7,188,195,13,14,32.20,19.51,1.46,0.21,,,,,,,,,
%  8/93-4,5585,5591.5,1993,7,21,202,208.5,27,13,35.94,20.99,1.55,0.20,,,,,,,,,
% 10/93-1,5599,5607,1993,8,4,216,224,42,16,17.40,9.60,0.75,0.08,,,,,,,,,
% 10/93-2,5615,5622.5,1993,8,20,232,239.5,58,15,20.18,11.36,0.92,0.09,,,,,,,,,
% 10/93-3,5630,5638,1993,9,4,247,255,73,16,24.34,13.55,1.21,0.12,,,,,,,,,
% 10/93-4,5646,5653.5,1993,9,20,263,270.5,89,15,35.20,20.04,1.69,0.18,,,,,,,,,
%  1/94-1,5662,5669,1993,10,6,279,286,104,14,13.53,7.98,0.63,0.07,,,,,,,,,
%  1/94-2,5676,5683,1993,10,20,293,300,118,14,17.24,9.62,0.75,0.08,,,,,,,,,
%  1/94-3,5690,5697,1993,11,3,307,314,132,14,15.94,9.39,0.77,0.10,,,,,,,,,
%  1/94-4,5704,5710.5,1993,11,17,321,327.5,146,13,34.64,20.03,1.62,0.17,,,,,,,,,
%  1/94-5,5720,5726.5,1993,12,3,337,343.5,162,13,28.18,16.43,1.23,0.13,,,,,,,,,
%  1/94-6,5733,5739.5,1993,12,16,350,356.5,175,13,31.97,19.38,1.35,0.16,,,,,,,,,
%  1/94-7,5746,5753,1993,12,29,363,370,188,14,30.89,18.36,1.50,0.17,,,,,,,,,
%  1/94-8,5760,5766.5,1994,1,12,12,18.5,201,13,25.25,13.59,1.19,0.12,,,,,,,,,
%  5/94-1,5774,5781,1994,1,26,26,33,215,14,13.08,6.95,0.59,0.07,,,,,,,,,
%  5/94-2,5788,5795,1994,2,9,40,47,229,14,40.84,23.90,2.08,0.23,,,,,,,,,
%  5/94-3,5802,5809,1994,2,23,54,61,243,14,39.46,24.05,1.97,0.23,,,,,,,,,
%  5/94-4,5816,5822.5,1994,3,9,68,74.5,257,13,51.45,31.77,2.55,0.30,,,,,,,,,
%  5/94-5,5832,5839.5,1994,3,25,84,91.5,274,15,61.16,35.57,3.00,0.33,,,,,,,,,
%  5/94-6,5847,5854.5,1994,4,9,99,106.5,289,15,50.53,31.31,2.20,0.25,,,,,,,,,
%  5/94-7,5862,5869.5,1994,4,24,114,121.5,304,15,27.84,16.74,1.15,0.12,,,,,,,,,
%  5/94-8,5877,5884.5,1994,5,9,129,136.5,319,15,31.19,18.43,1.33,0.13,,,,,,,,,
%  7/94-1,5893,5899,1994,5,25,145,151,333,12,11.36,6.23,0.55,0.05,,,,,,,,,
%  7/94-2,5905,5911,1994,6,6,157,163,345,12,19.04,11.22,0.83,0.09,,,,,,,,,
%  7/94-3,5917,5923,1994,6,18,169,175,357,12,42.26,25.64,1.71,0.19,,,,,,,,,
%  7/94-4,5929,5935,1994,6,30,181,187,5,12,30.21,18.22,1.31,0.15,,,,,,,,,
%  9/94-1,5942,5950,1994,7,13,194,202,20,16,15.65,8.67,0.69,0.08,,,,,,,,,
%  9/94-2,5958,5965.5,1994,7,29,210,217.5,36,15,15.79,8.85,0.67,0.07,,,,,,,,,
%  9/94-3,5973,5981,1994,8,13,225,233,51,16,39.81,22.17,1.76,0.20,,,,,,,,,
%  9/94-4,5989,5996.5,1994,8,29,241,248.5,67,15,32.68,18.95,1.48,0.17,,,,,,,,,
% 11/94-1,6005,6012,1994,9,14,257,264,82,14,17.86,9.89,0.83,0.10,,,,,,,,,
% 11/94-2,6019,6026,1994,9,28,271,278,96,14,24.09,13.16,1.04,0.11,,,,,,,,,
% 11/94-3,6033,6039.5,1994,10,12,285,291.5,110,13,33.39,18.44,1.44,0.16,,,,,,,,,
% 11/94-4,6046,6053,1994,10,25,298,305,123,14,24.02,13.38,0.97,0.12,,,,,,,,,
%  1/95-1,6061,6069.5,1994,11,9,313,321.5,140,17,19.13,10.35,0.85,0.09,,,,,,,,,
%  1/95-2,6078,6086.5,1994,11,26,330,338.5,157,17,24.96,13.31,1.08,0.12,,,,,,,,,
%  1/95-3,6095,6103.5,1994,12,13,347,355.5,174,17,25.65,13.63,1.07,0.13,,,,,,,,,
%  1/95-4,6112,6121,1994,12,30,364,373,191,18,26.44,14.15,1.13,0.13,,,,,,,,,
%  5/95-1,6132,6140,1995,1,19,19,27,209,16,19.64,10.73,0.84,0.11,,,,,,,,,
%  5/95-2,6148,6155.5,1995,2,4,35,42.5,225,15,35.85,20.30,1.49,0.20,,,,,,,,,
%  5/95-3,6163,6170.5,1995,2,19,50,57.5,240,15,32.93,19.31,1.37,0.18,,,,,,,,,
%  5/95-4,6178,6185.5,1995,3,6,65,72.5,255,15,82.52,47.37,4.37,0.57,,,,,,,,,
%  5/95-5,6196,6202.5,1995,3,24,83,89.5,272,13,77.41,43.15,4.01,0.56,,,,,,,,,
%  5/95-6,6209,6215.5,1995,4,6,96,102.5,285,13,82.79,43.36,4.19,0.55,,,,,,,,,
%  5/95-7,6222,6228.5,1995,4,19,109,115.5,298,13,45.98,25.27,1.87,0.24,,,,,,,,,
%  5/95-8,6235,6242,1995,5,2,122,129,311,14,44.13,26.80,1.75,0.24,,,,,,,,,
%  7/95-1,6250,6258,1995,5,17,137,145,327,16,28.45,16.53,1.15,0.17,,,,,,,,,
%  7/95-2,6266,6274,1995,6,2,153,161,343,16,28.13,17.11,1.16,0.16,,,,,,,,,
%  7/95-3,6282,6289.5,1995,6,18,169,176.5,359,15,29.71,17.19,1.16,0.16,,,,,,,,,
%  7/95-4,6297,6304.5,1995,7,3,184,191.5,10,15,41.19,24.01,1.46,0.20,,,,,,,,,
%  9/95-1,6314,6321.5,1995,7,20,201,208.5,27,15,16.53,9.18,0.67,0.09,,,,,,,,,
%  9/95-2,6329,6336.5,1995,8,4,216,223.5,42,15,23.75,15.07,0.89,0.13,,,,,,,,,
%  9/95-3,6344,6351.5,1995,8,19,231,238.5,57,15,34.16,20.10,1.33,0.18,,,,,,,,,
%  9/95-4,6359,6367,1995,9,3,246,254,72,16,26.40,14.81,1.12,0.15,,,,,,,,,
% 11/95-1,6378,6384.5,1995,9,22,265,271.5,90,13,9.65,5.06,0.44,0.07,,,,,,,,,
% 11/95-2,6391,6397.5,1995,10,5,278,284.5,103,13,32.70,18.04,1.41,0.18,,,,,,,,,
% 11/95-3,6404,6411,1995,10,18,291,298,116,14,22.32,12.12,0.91,0.12,,,,,,,,,
% 11/95-4,6418,6424.5,1995,11,1,305,311.5,130,13,26.64,15.04,1.15,0.15,,,,,,,,,
%1/96-1,6433,6441,1995,11,16,320,328,146,16,18.92,11.03,0.72,0.09,,,,,,,,,
%1/96-2,6449,6457.5,1995,12,2,336,344.5,163,17,34.92,23.70,1.38,0.18,,,,,,,,,
%1/96-3,6466,6475,1995,12,19,353,362,180,18,29.57,17.28,1.33,0.18,,,,,,,,,
%1/96-4,6484,6492.5,1996,1,6,6,14.5,197,17,87.14,54.26,4.19,0.51,,,,,,,,,
,,,,,,,,,,,,,,,,,,,,,,
%7/96-1,6638,6644,1996,6,8,160,166,348,12,10.00,4.25,0.76,0.11,,,,,,,,,
%7/96-2,6650,6656.5,1996,6,20,172,178.5,361,13,18.48,9.82,1.02,0.13,,,,,,,,,
%7/96-3,6663,6669.5,1996,7,3,185,191.5,10,13,20.54,10.32,1.13,0.16,,,,,,,,,
%7/96-4,6676,6682.5,1996,7,16,198,204.5,23,13,29.81,15.22,1.51,0.21,,,,,,,,,
%10/96-1,6690,6698,1996,7,30,212,220,38,16,10.92,4.78,0.59,0.08,,,,,,,,,
%10/96-2,6706,6714,1996,8,15,228,236,54,16,19.38,9.90,1.01,0.13,,,,,,,,,
%10/96-3,6722,6730,1996,8,31,244,252,70,16,12.65,6.36,0.66,0.09,,,,,,,,,
%10/96-4,6738,6745.5,1996,9,16,260,267.5,86,15,19.02,10.51,1.04,0.14,,,,,,,,,
%12/96-1,6770,6777.5,1996,10,18,292,299.5,118,15,14.81,7.54,0.74,0.09,,,,,,,,,
%12/96-2,6785,6793,1996,11,2,307,315,133,16,17.61,9.33,0.84,0.11,,,,,,,,,
%12/96-3,6801,6808,1996,11,18,323,330,148,14,19.52,10.10,0.93,0.13,,,,,,,,,
%12/96-4,6815,6822,1996,12,2,337,344,162,14,48.09,25.76,2.23,0.28,,,,,,,,,
%4/97-1,6831,6837.5,1996,12,18,353,359.5,178,13,66.86,40.69,3.62,0.31,,,,,,,,,
%4/97-2,6844,6851,1996,12,31,366,373,191,14,54.00,31.89,3.53,0.28,,,,,,,,,
%4/97-3,6858,6865.5,1997,1,14,14,21.5,204,15,25.01,14.79,1.53,0.15,,,,,,,,,
%4/97-4,6873,6880.5,1997,1,29,29,36.5,219,15,41.19,25.17,2.03,0.26,,,,,,,,,
%4/97-5,6891,6898.5,1997,2,16,47,54.5,237,15,49.41,28.65,3.05,0.40,,,,,,,,,
%4/97-6,6906,6914,1997,3,3,62,70,252,16,44.90,25.69,2.50,0.29,,,,,,,,,
%4/97-7,6922,6930,1997,3,19,78,86,268,16,44.51,25.17,2.12,0.33,,,,,,,,,
%4/97-8,6938,6945.5,1997,4,4,94,101.5,284,15,43.13,26.84,2.10,0.20,,,,,,,,,
%8/97-1,6956,6963,1997,4,22,112,119,301,14,48.13,31.13,2.96,0.37,,,,,,,,,
%8/97-2,6970,6977.5,1997,5,6,126,133.5,316,15,61.14,39.15,3.14,0.33,,,,,,,,,
%8/97-3,6985,6993,1997,5,21,141,149,331,16,60.19,35.69,2.86,0.35,,,,,,,,,
%8/97-4,7001,7008.5,1997,6,6,157,164.5,347,15,60.86,36.96,2.48,0.27,,,,,,,,,
%8/97-5,7019,7025.5,1997,6,24,175,181.5,364,13,53.59,32.20,2.42,0.28,,,,,,,,,
%8/97-6,7032,7039,1997,7,7,188,195,13,14,34.24,21.76,1.50,0.14,,,,,,,,,
%8/97-7,7046,7053,1997,7,21,202,209,27,14,52.55,30.97,2.27,0.27,,,,,,,,,
%8/97-8,7060,7067,1997,8,4,216,223,41,14,48.27,29.25,2.03,0.29,,,,,,,,,
%10/97-1,7075,7082.5,1997,8,19,231,238.5,57,15,20.14,10.40,0.97,0.11,,,,,,,,,
%10/97-2,7090,7097,1997,9,3,246,253,71,14,30.48,17.39,1.40,0.19,,,,,,,,,
%10/97-3,7104,7110.5,1997,9,17,260,266.5,85,13,32.82,19.17,1.53,0.22,,,,,,,,,
%10/97-4,7117,7123.5,1997,9,30,273,279.5,98,13,30.82,19.70,1.35,0.20,,,,,,,,,
%2/98-1,7132,7139.5,1997,10,15,288,295.5,114,15,16.00,9.22,0.72,0.09,,,,,,,,,
%2/98-2,7147,7155,1997,10,30,303,311,129,16,31.03,18.54,1.38,0.16,,,,,,,,,
%2/98-3,7163,7171,1997,11,15,319,327,145,16,26.34,15.57,1.17,0.13,,,,,,,,,
%2/98-4,7179,7187,1997,12,1,335,343,161,16,20.32,11.57,1.03,0.13,,,,,,,,,
%2/98-5,7195,7203,1997,12,17,351,359,177,16,40.83,26.10,1.96,0.24,,,,,,,,,
%2/98-6,7211,7219,1998,1,2,2,10,192,16,63.60,39.79,3.16,0.39,,,,,,,,,
%2/98-7,7227,7235,1998,1,18,18,26,208,16,56.76,37.99,2.70,0.33,,,,,,,,,
%2/98-8,7243,7250.5,1998,2,3,34,41.5,224,15,39.57,25.63,1.60,0.22,,,,,,,,,
%6/98-1,7263,7270,1998,2,23,54,61,243,14,96.85,65.69,6.43,0.69,,,,,,,,,
%6/98-2,7277,7284,1998,3,9,68,75,257,14,57.11,35.92,3.35,0.60,,,,,,,,,
%6/98-3,7291,7298.5,1998,3,23,82,89.5,272,15,55.70,37.34,2.76,0.51,,,,,,,,,
%6/98-4,7306,7313.5,1998,4,7,97,104.5,287,15,43.63,29.28,1.99,0.34,,,,,,,,,
%6/98-5,7321,7329,1998,4,22,112,120,302,16,32.87,21.19,1.54,0.25,,,,,,,,,
%6/98-6,7337,7345,1998,5,8,128,136,318,16,35.30,21.66,1.44,0.24,,,,,,,,,
%6/98-7,7353,7361,1998,5,24,144,152,334,16,26.27,14.52,2.61,0.47,,,,,,,,,
%6/98-8,7369,7377,1998,6,9,160,168,350,16,44.95,27.56,1.91,0.34,,,,,,,,,
%10/98-1,7387,7395,1998,6,27,177,185,3,16,11.08,6.15,0.57,0.06,,,,,,,,,
%10/98-2,7403,7410.5,1998,7,13,194,201.5,20,15,31.30,19.52,1.41,0.17,,,,,,,,,
% 10/98-3,7418,7425.5,1998,7,28,209,216.5,35,15,,17.61,,,,,,,,,,,
% 10/98-4,7433,7440.5,1998,8,12,224,231.5,50,15,,17.61,1.42,,,,,,,,,,
% 10/98-5,7448,7455.5,1998,8,27,239,246.5,65,15,28.32,15.69,1.42,0.15,,,,,,,,,
% 10/98-6,7463,7470.5,1998,9,11,254,261.5,80,15,39.94,22.94,1.93,0.21,,,,,,,,,
% 10/98-7,7478,7486,1998,9,26,269,277,95,16,38.21,21.53,1.75,0.18,,,,,,,,,
% 10/98-8,7494,7502,1998,10,12,285,293,111,16,39.43,21.81,1.77,0.19,,,,,,,,,
% 2/99-1,7515,7521.5,1998,11,2,306,312.5,131,13,12.82,6.31,0.77,0.09,,,,,,,,,
% 2/99-2,7528,7534.5,1998,11,15,319,325.5,144,13,30.63,17.39,1.37,0.17,,,,,,,,,
% 2/99-3,7541,7547.5,1998,11,28,332,338.5,157,13,19.45,10.05,0.90,0.10,,,,,,,,,
% 2/99-4,7554,7560,1998,12,11,345,351,169,12,36.12,19.23,1.77,0.19,,,,,,,,,
% 2/99-5,7566,7572.5,1998,12,23,357,363.5,182,13,33.70,18.96,1.72,0.20,,,,,,,,,
% 2/99-6,7579,7586,1999,1,5,5,12,194,14,29.55,16.49,1.52,0.16,,,,,,,,,
% 2/99-7,7593,7600,1999,1,19,19,26,208,14,27.40,15.38,1.22,0.12,,,,,,,,,
% 5/99-1,7609,7616,1999,2,4,35,42,224,14,27.46,13.51,1.10,0.14,,,,,,,,,
% 5/99-2,7623,7630,1999,2,18,49,56,238,14,50.61,27.38,3.12,0.31,,,,,,,,,
% 5/99-3,7637,7644,1999,3,4,63,70,252,14,57.69,32.07,2.65,0.32,,,,,,,,,
% 5/99-4,7651,7658,1999,3,18,77,84,266,14,61.67,33.52,3.83,0.36,,,,,,,,,
% 5/99-5,7665,7672,1999,4,1,91,98,280,14,101.04,57.02,4.87,0.58,,,,,,,,,
% 5/99-6,7679,7686,1999,4,15,105,112,294,14,60.85,34.78,2.53,0.32,,,,,,,,,
% 5/99-7,7693,7700,1999,4,29,119,126,308,14,54.03,29.85,2.47,0.29,,,,,,,,,
% 9/99-1,7722,7729.5,1999,5,28,148,155.5,338,15,31.08,17.91,1.62,0.19,,,,,,,,,
% 9/99-2,7737,7744.5,1999,6,12,163,170.5,353,15,74.65,37.29,3.39,0.45,,,,,,,,,
% 9/99-3,7752,7759.5,1999,6,27,178,185.5,368,15,59.01,32.18,3.25,0.36,,,,,,,,,
% 9/99-4,7767,7774.5,1999,7,12,193,200.5,19,15,98.17,56.82,4.81,0.52,,,,,,,,,
% 9/99-5,7782,7789,1999,7,27,208,215,33,14,54.68,31.46,3.19,0.31,,,,,,,,,
% 9/99-6,7796,7803,1999,8,10,222,229,47,14,23.97,11.61,1.64,0.18,,,,,,,,,
% 9/99-7,7810,7817.5,1999,8,24,236,243.5,62,15,18.12,9.80,0.98,0.12,,,,,,,,,
% 9/99-8,7825,7832,1999,9,8,251,258,76,14,48.08,25.13,2.34,0.29,,,,,,,,,
% 1/00-1,7843,7850.5,1999,9,26,269,276.5,95,15,15.28,7.48,0.76,0.10,,36.35,,,,,,,
% 1/00-2,7857,7864.5,1999,10,10,283,290.5,109,15,34.20,20.17,1.56,0.17,,,,,,,,,
% 1/00-3,7872,7880,1999,10,25,298,306,124,16,26.76,16.78,1.20,0.13,,,,,,,,,
% 1/00-4,7888,7895.5,1999,11,10,314,321.5,140,15,25.66,15.33,1.15,0.14,,3.09,,,,,,,
% 1/00-5,7903,7910.5,1999,11,25,329,336.5,155,15,35.01,21.21,1.52,0.18,,10.46,,,,,,,
% 1/00-6,7918,7925.5,1999,12,10,344,351.5,170,15,24.84,12.98,1.22,0.14,,26.17,,,,,,,
% 1/00-7,7933,7940,1999,12,25,359,366,184,14,26.64,13.29,1.32,0.16,,,,,,,,,
% 5/00-1,7949,7956.5,2000,1,10,10,17.5,200,15,15.47,8.52,0.88,0.10,,13.60,,,,,,,
% 5/00-2,7964,7971.5,2000,1,25,25,32.5,215,15,29.20,17.58,1.59,0.18,,,,,,,,,
% 5/00-3,7979,7986,2000,2,9,40,47,229,14,71.40,44.60,4.66,0.52,,3.05,,,,,,,
% 5/00-4,7993,8000.5,2000,2,23,54,61.5,244,15,46.28,29.60,2.39,0.29,,3.79,,,,,,,
% 5/00-5,8008,8015,2000,3,9,69,76,258,14,59.92,38.42,3.45,0.35,,18.07,,,,,,,
% 5/00-6,8022,8029,2000,3,23,83,90,272,14,61.15,39.66,3.29,0.37,,14.67,,,,,,,
% 5/00-7,8036,8043,2000,4,6,97,104,286,14,44.15,28.18,1.90,0.23,,2.95,,,,,,,
% 5/00-8,8050,8056.5,2000,4,20,111,117.5,300,13,37.93,22.81,1.60,0.13,,3.60,,,,,,,
% 5/00-9,8063,8070,2000,5,3,124,131,313,14,39.90,25.30,1.70,0.21,,12.97,,,,, ,,
% 9/00-1,8082,8089,2000,5,22,143,150,332,14,16.15,8.79,0.86,0.10,,6.98,,,,,,,
% 9/00-2,8096,8104,2000,6,5,157,164.5,347,15,19.94,11.85,0.95,0.12,,12.97,,,,,,,
% 9/00-3,8111,8119,2000,6,20,172,180,362,16,27.62,17.03,1.32,0.17,,8.23,,,,,,,
% 9/00-4,8127,8135,2000,7,6,188,195.5,14,15,36.57,20.59,1.73,0.20,,,,,,,,,
% 9/00-5,8142,8150,2000,7,21,203,210.5,29,15,40.93,20.72,1.90,0.23,,,,,,,,,
% 9/00-6,8157,8165,2000,8,5,218,226,44,16,46.08,25.27,2.18,0.27,,,,,,,,,
% 9/00-7,8173,8181,2000,8,21,234,241.5,60,15,44.91,25.10,2.55,0.34,,3.49,,,,,,,
% 9/00-8,8188,8196,2000,9,5,249,256.5,75,15,35.12,18.96,1.95,0.26,,3.59,,,,,,,
% 1/01-1,8205,8213,2000,9,22,266,273.5,92,15,24.13,12.76,1.22,0.15,,,,,,,,,
% 1/01-2,8220,8228,2000,10,7,281,288.5,107,15,35.07,16.53,1.72,0.21,21.6,,4.2,9.36,,,,,
% 1/01-3,8235,8242,2000,10,22,296,303,121,14,21.94,11.86,1.07,0.13,13.5,,1.9,5.76,,,,,
% 1/01-4,8249,8257,2000,11,5,310,317.5,136,15,28.44,15.26,1.38,0.16,17.7,2.19,3.6,7.35,,,,,
% 1/01-5,8264,8271,2000,11,20,325,332,150,14,23.94,12.64,1.24,0.16,19.6,4.49,3.1,6.23,,,,,
% 1/01-6,8278,8285,2000,12,4,339,346,164,14,40.67,22.78,1.80,0.21,23.0,,4.9,10.73,,,,,
% 1/01-7,8292,8300,2000,12,18,353,360.5,179,15,37.99,20.46,1.78,0.21,22.2,,5.4,9.21,,,,,
% 1/01-8,8307,8315,2001,1,2,2,9.5,192,15,33.79,17.89,1.69,0.20,15.9,,4.6,6.27,,,,,
% 5/01-1,8324,8331,2001,1,19,19,26,208,14,31.79,16.96,2.19,0.27,19.8,18.29,4.4,4.02,,,,,
% 5/01-2,8338,8345,2001,2,2,33,40,222,14,27.59,16.32,1.61,0.19,21.3,8.23,3.3,4.82,,,,,
% 5/01-3,8352,8359,2001,2,16,47,53.5,236,13,53.26,32.64,2.81,0.33,31.4,5.55,4.4,7.45,,,,,
% 5/01-4,8365,8372,2001,3,1,60,66.5,249,13,44.27,27.80,2.19,0.26,,8.13,,,,,,,
% 5/01-5,8378,8385,2001,3,14,73,80,262,14,64.30,42.69,3.29,0.40,,7.39,,,,,,,
% 5/01-6,8392,8399,2001,3,28,87,93.5,276,13,55.18,37.49,2.90,0.35,,4.21,,,,,,,
% 5/01-7,8405,8412,2001,4,10,100,106.5,289,13,37.36,23.69,1.93,0.23,,7.76,,,,,,,
% 5/01-8,8418,8425,2001,4,23,113,120,302,14,41.04,25.58,1.77,0.21,,5.20,,,,,,,
% 9/01-1,8436,8443,2001,5,11,131,138,320,14,29.14,17.14,1.48,0.19,,26.91,,,,,,,
% 9/01-2,8450,8457,2001,5,25,145,152,334,14,43.53,25.59,2.14,0.28,,,,,,,,,
% 9/01-3,8464,8471,2001,6,8,159,166,348,14,45.35,26.66,2.24,0.29,,12.08,,,,,,,
% 9/01-4,8478,8485,2001,6,22,173,180,362,14,72.43,42.67,3.57,0.47,,20.80,,,,,,,
% 9/01-5,8492,8500,2001,7,6,187,194.5,13,15,55.37,31.76,2.90,0.36,,10.47,,,,,,,
% 9/01-6,8507,8515,2001,7,21,202,209.5,28,15,60.44,35.03,2.98,0.36,,3.96,,,,,,,
% 9/01-7,8522,8530,2001,8,5,217,224.5,43,15,37.16,20.85,1.87,0.22,,7.24,,,,,,,
% 9/01-8,8537,8545,2001,8,20,232,239.5,58,15,30.87,17.75,1.70,0.20,,12.39,,,,,,,
% 9/01-9,8552,8560,2001,9,4,247,254.5,73,15,42.42,23.03,2.31,0.26,,26.21,,,,,,,
% 1/02-1,8570,8578,2001,9,22,265,272.5,91,15,14.64,7.64,0.93,0.11,,5.44,,,,,,,
% 1/02-2,8585,8592,2001,10,7,280,287,105,14,15.46,8.13,0.90,0.10,,5.42,,,,,,,
% 1/02-3,8599,8606,2001,10,21,294,301,119,14,23.22,12.42,1.25,0.14,,2.50,,,,,,,
% 1/02-4,8613,8620,2001,11,4,308,314.5,133,13,27.92,14.81,1.46,0.18,,7.56,,,,,,,
% 1/02-5,8626,8633,2001,11,17,321,327.5,146,13,10.94,5.23,0.59,0.06,,,,,,,,,
% 1/02-6,8639,8646,2001,11,30,334,341,159,14,26.09,14.66,1.25,0.15,,3.35,,,,,,,
% 1/02-7,8653,8660,2001,12,14,348,354.5,173,13,30.14,17.46,1.42,0.18,,33.53,,,,,,,
% 1/02-8,8666,8673,2001,12,27,361,2.5,185,13,48.84,30.80,2.80,0.34,,,,,,,,,
% 5/02-1,8685,8692,2002,1,15,15,22,204,14,31.99,21.40,1.73,0.21,19.1,,3.0,3.18,,,,,
% 5/02-2,8699,8706,2002,1,29,29,35.5,218,13,62.64,40.77,3.66,0.44,51.6,21.50,6.9,8.82,,,,,
% 5/02-3,8712,8719,2002,2,11,42,49,231,14,36.01,23.74,1.64,0.47,58.0,,2.7,5.07,,,,,
% 5/02-4,8726,8733,2002,2,25,56,62.5,245,13,50.17,32.85,2.47,0.32,32.0,7.47,3.4,7.19,,,,,
% 5/02-5,8739,8746,2002,3,10,69,75.5,258,13,85.33,56.47,5.54,0.69,82.8,5.29,7.4,9.41,,,,,
% 5/02-6,8752,8759,2002,3,23,82,89,271,14,53.43,35.08,3.34,0.37,41.9,12.00,4.8,7.23,,,,,
% 5/02-7,8766,8773,2002,4,6,96,103,285,14,29.75,17.50,1.46,0.20,19.3,,1.7,4.42,,,,,
% 5/02-8,8780,8787,2002,4,20,110,117,299,14,27.41,16.88,1.60,0.19,20.1,,2.0,4.61,,,,,
% 9/02-1,8798,8805,2002,5,8,128,134.5,317,13,13.86,7.11,1.12,0.14,12.6,6.39,1.1,3.03,,,,,
% 9/02-2,8811,8818,2002,5,21,141,148,330,14,18.09,10.36,1.13,0.13,17.0,20.65,1.5,3.20,,,,,
% 9/02-3,8825,8833,2002,6,4,155,162.5,345,15,30.63,16.83,1.81,0.17,22.2,31.13,3.0,6.51,,,,,
% 9/02-4,8840,8847,2002,6,19,170,177,359,14,32.56,17.37,1.64,0.22,34.7,93.68,4.3,8.55,,,,,
% 9/02-5,8854,8861,2002,7,3,184,191,9,14,51.13,27.76,2.51,0.28,32.2,3.35,7.0,13.36,,,,,
% 9/02-6,8868,8875,2002,7,17,198,205,23,14,31.59,16.54,1.71,0.18,24.3,,3.6,7.55,,,,,
% 9/02-7,8882,8889,2002,7,31,212,219,37,14,31.55,17.35,1.59,0.18,21.7,,3.7,7.34,,,,,
% 9/02-8,8896,8903,2002,8,14,226,233,51,14,38.60,20.74,2.00,0.23,33.4,11.91,6.8,10.37,,,,,
% 9/02-9,8910,8917,2002,8,28,240,247,65,14,36.95,20.13,1.85,0.21,36.51,7.28,6.74,10.01,,,,,
% 1/03-1,8928,8936,2002,9,15,258,265.5,84,15,11.35,5.69,0.69,0.08,7.9,2.38,1.7,2.44,,,,,
% 1/03-2,8943,8950,2002,9,30,273,280,98,14,34.23,18.44,1.71,0.20,34.3,65.60,5.4,8.16,,,,,
% 1/03-3,8957,8965,2002,10,14,287,294.5,113,15,41.31,23.74,2.03,0.23,28.9,5.41,4.1,9.37,,,,,
% 1/03-4,8972,8980,2002,10,29,302,309.5,128,15,30.08,17.63,1.41,0.15,20.7,,2.9,7.11,,,,,
% 1/03-5,8987,8995,2002,11,13,317,324.5,143,15,30.00,17.49,1.45,0.17,20.6,,2.7,7.56,,,,,
% 1/03-6,9002,9010,2002,11,28,332,339.5,158,15,28.85,17.13,1.40,0.16,23.2,2.70,2.8,7.24,,,,,
% 1/03-7,9017,9025,2002,12,13,347,354.5,173,15,52.59,31.28,2.72,0.32,39.1,31.33,3.5,9.96,,,,,
% 1/03-8,9032,9040,2002,12,28,362,4.5,187,15,31.49,18.64,1.32,0.17,15.6,2.27,2.2,6.66,,,,,
% 1/03-9,9047,9055,2003,1,12,12,19.5,202,15,39.37,22.14,1.75,0.23,21.0,2.31,3.4,8.60,,,,,
% 5/03-1,9066,9073,2003,1,31,31,38,220,14,21.46,12.83,1.38,0.17,10.8,,2.3,3.19,,,,,
% 5/03-2,9080,9087,2003,2,14,45,52,234,14,45.18,28.90,2.55,0.33,21.7,3.61,3.8,5.24,,,,,
% 5/03-3,9094,9101,2003,2,28,59,66,248,14,48.38,28.95,3.00,0.40,40.5,19.13,6.7,6.42,,,,,
% 5/03-4,9108,9115,2003,3,14,73,80,262,14,51.17,29.55,2.78,0.36,38.0,6.24,7.9,8.47,,,,,
% 5/03-5,9122,9129,2003,3,28,87,94,276,14,46.98,27.14,2.47,0.29,26.6,,7.1,8.48,,,,,
% 5/03-6,9137,9145,2003,4,12,102,109.5,292,15,32.51,18.84,1.39,0.18,18.2,,4.4,6.31,,,,,
% 5/03-7,9152,9160,2003,4,27,117,124.5,307,15,30.62,18.34,1.46,0.17,20.9,,3.3,7.10,,,,,
% 9/03-1,9171,9179,2003,5,16,136,143.5,326,15,11.11,5.92,0.63,0.08,7.2,2.30,1.4,2.04,,,,,
% 9/03-2,9186,9193,2003,5,31,151,158,340,14,16.72,10.17,0.81,0.10,11.2,3.25,1.8,2.87,,,,,
% 9/03-3,9200,9208,2003,6,14,165,172.5,355,15,24.37,14.42,1.17,0.15,16.3,3.36,2.5,3.46,,,,,
% 9/03-4,9215,9222,2003,6,29,180,187,5,14,20.53,11.65,1.32,0.20,17.1,11.87,2.4,3.60,,,,,
% 9/03-5,9229,9237,2003,7,13,194,201.5,20,15,21.49,11.99,1.05,0.14,15.8,2.46,2.8,4.84,,,,,
% 9/03-6,9244,9251,2003,7,28,209,216,34,14,38.77,21.36,1.95,0.23,27.3,,5.3,7.71,,,,,
% 9/03-7,9258,9265,2003,8,11,223,230,48,14,34.52,18.67,1.76,0.21,22.4,,3.2,6.18,,,,,
% 9/03-8,9272,9279,2003,8,25,237,244,62,14,34.26,18.91,1.83,0.21,22.8,,5.6,6.99,,,,,
% 9/03-9,9286,9293.5,2003,9,8,251,258.5,76.5,15,149.05,109.61,3.47,0.50,83.37,7.74,7.0,,,,,,
% 1/04-1,9306,9313,2003,9,28,271,278,96,14,16.35,9.20,0.89,0.11,11.1,,1.5,3.56,,,,,
% 1/04-2,9320,9327,2003,10,12,285,292,110,14,20.05,10.87,1.10,0.13,16.3,,2.0,4.11,,,,,
% 1/04-3,9334,9341,2003,10,26,299,306,124,14,22.78,13.30,1.09,0.14,17.4,,2.2,5.74,,,,,
% 1/04-4,9348,9356,2003,11,9,313,320.5,139,15,29.38,16.10,1.51,0.17,25.3,,2.3,9.30,,,,,
% 1/04-5,9363,9371,2003,11,24,328,335.5,154,15,29.79,15.96,1.41,0.16,22.3,,3.7,8.30,,,,,
% 1/04-6,9378,9385,2003,12,9,343,350,168,14,26.83,15.00,1.29,0.15,21.6,,2.0,6.96,,,,,
% 1/04-7,9392,9399,2003,12,23,357,364,182,14,51.06,30.80,2.60,0.32,,,3.5,9.09,,,,,
% 1/04-8,9406,9413,2004,1,6,6,13,195,14,56.79,31.91,3.03,0.37,39.5,,10.2,10.60,,,,,
% 1/04-9,9424,9432,2004,1,24,24,31.5,214,15,53.84,31.87,3.05,0.34,34.4,,5.7,9.45,,,,,
% 7/04-1,9442,9449,2004,2,11,42,49,231,14,46.40,27.64,3.12,0.40,34.5,,4.4,6.34,,,,,
% 7/04-2,9456,9464,2004,2,25,56,63.5,246,15,54.58,33.28,3.26,0.41,49.9,,5.5,8.96,,,,,
% 7/04-3,9471,9479,2004,3,11,71,78.5,261,15,58.60,33.18,3.43,0.43,46.1,,8.0,11.70,,,,,
% 7/04-4,9486,9494,2004,3,26,86,94,276,16,47.41,27.57,2.70,0.33,39.8,,5.2,9.62,,,,,
% 7/04-5,9502,9509,2004,4,10,102,109,291,14,53.58,34.22,2.89,0.36,45.1,,4.9,8.72,,,,,
% 7/04-6,9516,9524,2004,4,25,116,123.5,306,15,51.86,34.30,2.58,0.32,42.4,18.74,3.5,6.93,,,,,
% 7/04-7,9531,9539,2004,5,10,131,138.5,321,15,28.35,16.61,1.34,0.16,27.6,18.65,2.6,5.46,,,,,
% 7/04-8,9546,9553,2004,5,25,146,153,335,14,50.61,32.86,2.32,0.28,31.1,,3.4,9.24,,,,,
% 7/04-9,9564,9571,2004,6,12,164,170.5,353,13,46.78,24.31,2.95,0.41,65.4,40.84,4.6,10.57,,,,,
% 7/04-10,9577,9584,2004,6,25,177,183.5,2,13,34.27,17.87,1.59,0.20,27.8,2.06,4.5,7.83,,,,,
% 12/04-1,9593,9601,2004,7,11,193,200.5,19,15,17.19,8.58,1.21,0.16,18.0,24.71,2.0,4.10,,,,,
% 12/04-2,9608,9616,2004,7,26,208,215.5,34,15,40.64,22.72,2.29,0.25,29.9,1.71,3.3,8.99,,,,,
% 12/04-3,9623,9631,2004,8,10,223,230.5,49,15,27.29,16.21,1.45,0.18,23.4,22.30,2.3,5.46,,,,,
% 12/04-4,9638,9646,2004,8,25,238,245.5,64,15,33.94,20.09,1.77,0.21,30.6,33.06,2.8,6.33,,,,,
% 12/04-5,9653,9660,2004,9,9,253,260,78,14,30.89,18.24,1.56,0.20,25.0,1.60,3.5,7.04,,,,,
% 12/04-6,9667,9674,2004,9,23,267,274,92,14,25.26,14.19,1.18,0.15,15.0,,2.5,5.55,,,,,
% 12/04-7,9681,9688,2004,10,7,281,288,106,14,30.44,17.41,1.44,0.18,18.1,25.61,2.5,5.78,,,,,
% 12/04-8,9695,9702,2004,10,21,295,302,120,14,31.98,17.83,1.48,0.19,24.5,7.41,2.6,5.46,,,,,
% 12/04-9,9709,9716,2004,11,4,309,316,134,14,42.14,23.19,1.83,0.23,27.6,,5.1,10.47,,,,,
% 12/04-10,9723,9730,2004,11,18,323,330,148,14,34.59,20.57,1.63,0.21,23.1,,3.4,7.56,,,,,
% 4/05-1,9739,9747,2004,12,4,339,346.5,165,15,,,,,,20.24,,,,,,,
% 4/05-2,9754,9762,2004,12,19,354,361.5,180,15,23.59,12.90,1.10,0.14,14.0,,2.3,4.86,,,,,
% 4/05-3,9769,9777,2005,1,3,3,10.5,193,15,29.96,16.77,1.50,0.18,22.1,8.80,3.3,6.71,,,,,
% 4/05-4,9784,9791,2005,1,18,18,25,207,14,22.43,12.63,1.20,0.14,14.7,4.67,2.2,3.71,,,,,
% 4/05-5,9798,9805,2005,2,1,32,39,221,14,32.35,18.64,1.91,0.21,19.7,,3.5,5.28,,,,,
% 4/05-6,9812,9819,2005,2,15,46,53,235,14,58.26,39.34,3.18,0.37,39.7,8.84,6.6,7.38,,,,,
% 4/05-7,9826,9833,2005,3,1,60,67,249,14,45.42,26.98,2.53,0.30,36.1,15.37,5.6,7.14,,,,,
% 4/05-8,9840,9847,2005,3,15,74,81,263,14,55.73,36.54,2.66,0.35,44.8,4.19,5.6,8.13,,,,,
% 8/05-1,9858,9865,2005,4,2,92,99,281,14,39.17,27.41,1.99,0.22,19.0,,3.8,2.60,,,,,
% 8/05-2,9872,9879,2005,4,16,106,113,295,14,36.47,22.90,1.72,0.19,17.2,,2.9,4.19,,,,,
% 8/05-3,9887,9895,2005,5,1,121,128.5,311,15,38.61,24.97,1.58,0.19,18.0,,4.2,6.18,,,,,
% 8/05-4,9902,9910,2005,5,16,136,143.5,326,15,45.27,26.90,1.88,0.21,23.4,,5.3,8.76,,,,,
% 8/05-5,9917,9925,2005,5,31,151,159,341,16,23.43,14.33,1.09,0.12,10.7,,2.3,3.63,,,,,
% 8/05-6,9933,9941,2005,6,16,167,175,357,16,43.95,25.18,1.77,0.19,24.1,,4.4,8.36,,,,,
% 8/05-7,9949,9957,2005,7,2,183,190.5,9,15,14.71,8.68,0.72,0.08,7.6,,1.3,2.37,,,,,
% 8/05-8,9964,9972,2005,7,17,198,205.5,24,15,20.62,12.60,1.01,0.12,10.5,,2.1,3.49,,,,,
% 11/05-1,9981,9989,2005,8,3,215,222.5,41,15,18.13,9.14,0.87,0.11,14.0,10.27,,,,,,,
% 11/05-2,9996,10003,2005,8,18,230,237,55,14,24.88,13.92,1.10,0.13,11.5,,2.6,3.65,,,,,
% 11/05-3,10010,10018,2005,9,1,244,251.5,70,15,30.00,16.55,1.32,0.16,17.0,,2.4,5.57,,,,,
% 11/05-4,10025,10033,2005,9,16,259,266.5,85,15,30.13,17.58,1.36,0.16,16.2,,4.9,5.20,,,,,
% 11/05-5,10040,10048,2005,10,1,274,281.5,100,15,27.23,16.30,1.26,0.15,21.9,,3.9,5.23,,,,,
% 11/05-6,10055,10063,2005,10,16,289,296.5,115,15,33.42,19.17,1.50,0.17,18.8,,4.5,6.77,,,,,
% 11/05-7,10070,10078,2005,10,31,304,312,130,16,36.31,19.78,1.66,0.18,20.9,,5.5,8.39,,,,,
% 4/06-1,10088,10096,2005,11,18,322,330,148,16,22.31,17.84,1.51,0.17,17.1,,2.5,6.69,,,,,
% 4/06-2,10104,10112,2005,12,4,338,346,164,16,25.66,15.91,1.35,0.17,24.0,23.41,3.5,5.81,,,,,
% 4/06-3,10120,10128,2005,12,20,354,361.5,180,15,25.39,15.45,1.07,0.12,14.4,,3.4,5.41,,,,,
% 4/06-4,10135,10143,2006,1,4,4,11.5,194,15,35.40,21.55,1.63,0.19,18.5,2.11,5.0,5.76,,,,,
% 4/06-5,10150,10158,2006,1,19,19,26.5,209,15,60.26,38.40,3.15,0.38,27.2,,5.0,7.25,,,,,
% 4/06-6,10165,10173,2006,2,3,34,42,224,16,62.39,38.31,2.98,0.37,39.2,14.36,6.9,9.70,,,,,
% 4/06-7,10181,10189,2006,2,19,50,58,240,16,60.66,37.28,3.19,0.38,30.6,2.78,5.0,8.08,,,,,
% 4/06-8,10197,10205,2006,3,6,66,73.5,256,15,82.66,54.65,5.38,0.65,59.4,30.20,7.8,8.51,,,,,
% 4/06-9,10212,10219,2006,3,24,84,90.5,273,13,44.91,29.42,3.05,0.39,22.7,8.63,2.7,3.95,,,,,
% 4/06-10,10225,10232,2006,4,6,97,104,286,14,67.77,44.66,3.29,0.46,42.5,11.14,9.8,9.41,,,,,
% 8/06-1,10243,10251,2006,4,24,115,122.5,305,15,44.54,29.40,2.16,0.29,21.9,,5.2,4.16,,,,,
% 8/06-2,10258,10266,2006,5,9,130,137.5,320,15,39.52,24.36,1.56,0.22,18.8,,3.6,3.71,,,,,
% 8/06-3,10273,10281,2006,5,24,145,152.5,335,15,34.44,20.18,1.59,0.21,21.2,,6.7,4.94,,,,,
% 8/06-4,10288,10296,2006,6,8,160,168,350,16,35.66,21.93,1.49,0.20,20.7,,6.2,6.18,,,,,
% 8/06-5,10304,10312,2006,6,24,176,183.5,2,15,41.70,25.87,2.00,0.26,28.5,,6.2,7.18,,,,,
% 8/06-6,10319,10327,2006,7,9,191,199,17,16,34.44,20.73,1.48,0.19,18.4,,5.8,5.13,,,,,
% 8/06-7,10335,10343,2006,7,25,207,215,33,16,32.38,20.78,1.52,0.20,20.1,,3.6,5.00,,,,,
% 8/06-8,10351,10359,2006,8,10,223,230.5,49,15,24.73,15.22,1.19,0.16,56.5,,3.1,3.71,,,,,
% 12/06-1,10367,10375,2006,8,27,239,246.5,65,15,8.20,4.72,0.48,0.06,5.3,,1.0,1.21,,,,,
% 12/06-2,10382,10390,2006,9,11,254,261.5,80,15,13.40,7.31,0.68,0.08,9.7,,1.6,2.19,,,,,
% 12/06-3,10397,10405,2006,9,26,269,276.5,95,15,30.79,19.58,1.35,0.17,21.6,,3.6,5.38,,,,,
% 12/06-4,10412,10420,2006,10,11,284,292,110,16,19.23,12.00,0.89,0.11,13.5,,2.3,3.73,,,,,
% 12/06-5,10428,10436,2006,10,27,300,307.5,126,15,20.88,11.72,1.03,0.13,12.0,,2.0,3.83,,,,,
% 12/06-6,10443,10451,2006,11,11,315,322.5,141,15,22.91,14.10,1.06,0.13,16.5,,1.8,4.52,,,,,
% 12/06-7,10458,10466,2006,11,26,330,338,156,16,29.24,18.09,1.40,0.17,21.5,,2.3,5.70,,,,,
% 3/07-1,10476,10484,2006,12,14,348,355.5,174,15,14.43,8.20,0.82,0.10,8.8,,2.0,2.46,,,,,
% 3/07-2,10491,10499,2006,12,29,363,370.5,189,15,31.42,19.48,1.82,0.23,22.8,,4.8,5.37,,,,,
% 3/07-3,10506,10514,2007,1,13,13,20.5,203,15,46.34,28.87,2.28,0.30,24.8,,4.3,7.68,,,,,
% 3/07-4,10521,10528,2007,1,28,28,35,217,14,41.76,24.11,2.13,0.28,24.6,,6.6,7.25,,,,,
% 3/07-5,10535,10542,2007,2,11,42,49,231,14,79.48,55.22,4.17,0.54,41.5,,8.7,8.66,,,,,
% 3/07-6,10549,10556,2007,2,25,56,63,245,14,86.58,61.80,4.81,0.59,48.6,,7.4,7.46,,,,,
% 3/07-7,10563,10571,2007,3,11,70,77.5,260,15,123.05,86.59,6.90,0.87,55.6,,7.0,9.06,,,,,
% 8/07-1,10581,10589,2007,3,29,88,95.5,278,15,26.79,16.95,1.27,0.15,13.6,,2.0,3.06,,,,,
% 8/07-2,10596,10604,2007,4,13,103,110.5,293,15,34.92,21.83,1.50,0.19,20.8,,4.0,5.35,,,,,
% 8/07-3,10611,10619,2007,4,28,118,125.5,308,15,34.78,21.85,1.49,0.20,25.2,,4.2,5.33,,,,,
% 8/07-4,10626,10634,2007,5,13,133,140.5,323,15,32.22,18.61,1.40,0.18,20.5,,5.2,6.07,,,,,
% 8/07-5,10641,10649,2007,5,28,148,155.5,338,15,39.44,21.85,1.69,0.22,23.0,,7.1,7.59,,,,,
% 8/07-6,10656,10663,2007,6,12,163,170,352,14,57.70,32.85,2.62,0.33,34.6,,11.0,11.88,,,,,
% 8/07-7,10670,10677,2007,6,26,177,184,2,14,33.04,17.16,1.55,0.21,21.0,,3.7,6.84,,,,,
% 8/07-8,10684,10692,2007,7,10,191,198.5,17,15,33.46,19.19,1.62,0.22,21.7,,5.4,6.94,,,,,
% 8/07-9,10702,10710,2007,7,28,209,216.5,35,15,25.85,14.06,1.28,0.16,15.5,,6.1,5.34,,,,,
% 8/07-10,10717,10725,2007,8,12,224,231.5,50,15,47.49,26.95,2.07,0.27,20.2,,6.6,6.18,,,,,
% 11/07-1,10735,10742,2007,8,30,242,249,67,14,,,,,,,,,,,,,
% 11/07-2,10749,10757,2007,9,13,256,263.5,82,15,22.35,12.22,1.25,0.16,19.0,,3.9,5.04,,,,,
% 11/07-3,10764,10772,2007,9,28,271,278.5,97,15,21.32,12.65,1.11,0.14,14.2,,3.7,4.55,,,,,
% 11/07-4,10779,10787,2007,10,13,286,293.5,112,15,35.23,22.41,1.73,0.22,23.2,,5.8,7.84,,,,,
% 11/07-5,10794,10802,2007,10,28,301,308.5,127,15,21.82,12.13,1.34,0.21,25.8,,1.6,4.03,,,,,
% 11/07-6,10809,10817,2007,11,12,316,324,142,16,34.68,20.06,1.65,0.20,20.9,,1.3,8.14,,,,,
% 3/08-1,10827,10835,2007,11,30,334,342,160,16,13.75,9.62,0.79,0.10,8.8,,2.4,1.66,,,,,
% 3/08-2,10843,10851,2007,12,16,350,358,176,16,34.44,22.96,1.93,0.24,16.1,,4.0,2.83,,,,,
% 3/08-3,10859,10867,2008,1,1,1,8.5,191,15,36.29,23.87,2.02,0.26,27.6,,3.6,5.24,,,,,
% 3/08-4,10874,10882,2008,1,16,16,23.5,206,15,23.91,15.19,1.31,0.17,14.4,,3.4,4.21,,,,,
% 3/08-5,10889,10896,2008,1,31,31,38,220,14,48.20,30.28,2.25,0.28,28.4,,4.9,10.18,,,,,
% 3/08-6,10903,10910,2008,2,14,45,52,234,14,39.08,24.90,1.86,0.23,22.1,,3.4,7.49,,,,,
% 3/08-7,10917,10925,2008,2,28,59,66.5,249,15,28.81,18.88,1.29,0.16,16.2,,1.9,5.92,,,,,
% 3/08-8,10932,10939,2008,3,14,74,81,263,14,34.06,22.60,1.62,0.20,24.8,,2.5,7.11,,,,,
% 7/08-1,10948,10956,2008,3,30,90,97.5,280,15,28.09,18.23,1.69,0.22,18.7,,2.3,4.52,,,,,
% 7/08-2,10963,10971,2008,4,14,105,112.5,295,15,36.33,24.47,1.97,0.25,30.8,,3.3,5.36,,,,,
% 7/08-3,10978,10986,2008,4,29,120,127.5,310,15,32.09,21.33,1.36,0.17,20.4,,2.6,7.04,,,,,
% 7/08-4,10993,11000,2008,5,14,135,142,324,14,33.39,21.43,1.48,0.19,28.5,,2.6,7.38,,,,,
% 7/08-5,11007,11015,2008,5,28,149,156.5,339,15,29.92,20.07,1.24,0.16,16.4,,2.5,6.16,,,,,
% 7/08-6,11022,11030,2008,6,12,164,171.5,354,15,32.47,21.32,1.36,0.17,20.4,,2.5,4.36,,,,,
% 7/08-7,11037,11044,2008,6,27,179,186,4,14,31.18,19.18,1.28,0.16,20.0,,2.6,6.64,,,,,
% 7/08-8,11051,11059,2008,7,11,193,200.5,19,15,24.20,16.15,1.07,0.13,14.9,,2.9,4.54,,,,,
% 11/08-1,11068,11075,2008,7,28,210,217,35,14,22.05,14.29,1.01,0.13,15.8,,3.7,3.31,,,,,
% 11/08-2,11082,11089,2008,8,11,224,231,49,14,36.50,24.99,1.50,0.20,24.2,,6.1,6.30,,,,,
% 11/08-3,11096,11103,2008,8,25,238,245,63,14,30.29,20.69,1.24,0.16,34.6,,4.5,5.24,,,,,
% 11/08-4,11110,11117,2008,9,8,252,259,77,14,39.18,24.84,1.53,0.20,29.2,,4.1,5.93,,,,,
% 11/08-5,11124,11131,2008,9,22,266,272.5,91,13,24.71,16.74,1.05,0.13,18.7,,3.6,4.72,,,,,
% 11/08-6,11137,11144,2008,10,5,279,285.5,104,13,27.68,17.30,1.18,0.14,18.5,,3.0,5.98,,,,,
% 11/08-7,11150,11157,2008,10,18,292,299,117,14,31.18,19.75,1.32,0.17,19.2,,3.4,6.26,,,,,
% 3/09-1,11167,11175,2008,11,4,309,317,135,16,,,,,,,,,,,,,
% 3/09-2,11183,11191,2008,11,20,325,332.5,151,15,,,,,,,,,,,,,
% 3/09-3,11197,11204,2008,12,5,339,346,164,14,29.84,18.83,1.47,0.19,19.3,,3.8,5.31,,,,,
% 3/09-4,11213,11221,2008,12,20,355,362.5,181,15,38.76,24.54,1.78,0.23,25.7,,4.2,7.26,,,,,
% 3/09-5,11228,11236,2009,1,4,4,11.5,194,15,40.76,25.69,2.25,0.29,19.9,,3.7,4.09,,,,,
% 3/09-6,11243,11251,2009,1,19,19,26.5,209,15,45.51,29.28,2.27,0.28,29.6,,5.0,8.61,,,,,
% 3/09-7,11259,11267,2009,2,4,35,43,225,16,37.25,24.63,1.71,0.21,,,4.1,7.31,,,,,
% 3/09-8,11275,11283,2009,2,20,51,59,241,16,70.54,50.18,3.46,0.46,60.1,,6.9,12.43,,,,,
% 3/09-9,11291,11299,2009,3,8,67,75,257,16,66.58,43.70,3.04,0.38,43.0,,7.2,11.72,,,,,
% 3/09-10,11311,11317,2009,3,28,87,93,275,12,42.26,23.89,1.85,0.25,27.4,,4.8,9.24,,,,,
% 7/09-1,11325,11333,2009,4,11,101,108.5,291,15,11.41,6.41,0.62,0.08,6.9,,1.3,2.07,,,,,
% 7/09-2,11340,11347,2009,4,26,116,123,305,14,,,,,,,,,,,,,
% 7/09-3,11354,11362,2009,5,10,130,137.5,320,15,27.39,17.86,1.16,0.14,16.2,,2.6,5.01,,,,,
% 7/09-4,11369,11376,2009,5,25,145,152,334,14,30.83,18.46,1.28,0.16,20.9,,3.2,6.13,,,,,
% 7/09-5,11383,11390,2009,6,8,159,166,348,14,24.18,13.89,1.18,0.14,18.4,,3.9,5.31,,,,,
% 7/09-6,11397,11405,2009,6,22,173,180.5,363,15,31.48,20.63,1.27,0.15,20.3,,3.3,4.41,,,,,
% 7/09-7,11412,11420,2009,7,7,188,195.5,14,15,41.32,26.03,1.82,0.22,30.4,,5.4,8.82,,,,,
% 11/09-1,11430,11437,2009,7,25,206,213,31,14,23.42,13.55,1.29,0.16,15.2,,3.2,4.62,,,,,
% 11/09-2,11444,11451,2009,8,8,220,227,45,14,26.92,15.18,1.48,0.18,19.0,,3.8,5.74,,,,,
% 11/09-3,11458,11465,2009,8,22,234,241,59,14,43.57,29.34,1.91,0.24,29.5,,4.1,8.38,,,,,
% 11/09-4,11472,11480,2009,9,5,248,255.5,74,15,53.21,40.84,2.05,0.25,,,5.3,9.33,,,,,
% 11/09-5,11487,11495,2009,9,20,263,270.5,89,15,48.27,34.52,1.93,0.24,30.2,,4.1,7.46,,,,,
% 11/09-6,11502,11509,2009,10,5,278,285,103,14,23.61,14.35,1.12,0.14,16.3,,2.4,4.72,,,,,
% 11/09-7,11516,11524,2009,10,19,292,299.5,118,15,28.10,15.61,1.30,0.16,21.9,,3.4,6.09,,,,,
% 11/09-8,11531,11538,2009,11,3,307,314,132,14,33.29,19.57,1.56,0.19,26.4,,4.3,8.07,,,,,
% 4/10-1,11551,11559,2009,11,23,327,334.5,153,15,18.00,9.91,0.81,0.11,11.0,,1.8,3.99,,,,,
% 4/10-2,11566,11573,2009,12,8,342,349,167,14,29.23,16.08,1.33,0.16,27.0,,3.2,6.87,,,,,
% 4/10-3,11580,11587,2009,12,22,356,363,181,14,20.14,11.47,0.91,0.11,22.6,,2.4,4.51,,,,,
% 4/10-4,11594,11601,2010,1,5,5,12,194,14,32.84,18.96,1.63,0.21,22.1,,2.8,6.75,,,,,
% 4/10-5,11608,11615,2010,1,19,19,26,208,14,38.77,27.13,2.02,0.26,24.7,,4.1,4.86,,,,,
% 4/10-6,11622,11629,2010,2,2,33,40,222,14,77.35,55.32,4.03,0.53,57.8,,6.0,7.76,,,,,
% 4/10-7,11636,11643,2010,2,16,47,54,236,14,27.19,15.80,1.36,0.18,27.7,,3.1,5.53,,,,,
% 4/10-8,11650,11657,2010,3,2,61,68,250,14,51.38,31.60,2.54,0.34,40.9,,5.5,9.81,,,,,
% 4/10-9,11664,11671,2010,3,16,75,82,264,14,64.91,39.60,3.21,0.42,54.0,,8.6,9.84,,,,,
% 4/10-10,11678,11685,2010,3,30,89,96,278,14,70.21,40.73,3.48,0.45,56.1,,9.2,12.34,,,,,
% 7/10-1,11694,11702,2010,4,15,105,112.5,295,15,45.13,22.45,2.79,0.36,34.2,,8.1,7.77,,,,,
% 7/10-2,11709,11717,2010,4,30,120,127.5,310,15,71.31,36.80,4.03,0.53,40.5,,9.7,9.70,,,,,
% 7/10-3,11724,11731,2010,5,15,135,142,324,14,73.30,41.46,4.01,0.51,74.2,,12.7,13.22,,,,,
% 7/10-4,11738,11746,2010,5,29,149,156.5,339,15,72.58,39.98,3.78,0.51,71.0,,11.9,11.46,,,,,
% 7/10-5,11753,11761,2010,6,13,164,171.5,354,15,64.92,37.06,2.90,0.38,68.4,,10.5,10.14,,,,,
% 7/10-6,11768,11776,2010,6,28,179,186.5,5,15,43.53,25.87,2.04,0.27,34.1,,6.8,6.73,,,,,
% 11/10-1,11785,11793,2010,7,15,196,203.5,22,15,23.96,14.76,1.13,0.15,18.1,,3.2,4.67,,,,,
% 11/10-2,11800,11808,2010,7,30,211,218.5,37,15,25.53,15.53,1.16,0.16,18.7,,2.8,4.70,,,,,
% 11/10-3,11815,11823,2010,8,14,226,233.5,52,15,30.71,17.72,1.40,0.19,21.9,,3.8,6.96,,,,,
% 11/10-4,11830,11838,2010,8,29,241,248.5,67,15,24.72,15.25,1.15,0.15,17.7,,2.2,4.16,,,,,
% 11/10-5,11845,11852.5,2010,9,13,256,263.5,81.5,15,143.91,137.15,2.54,0.34,74.01,,2.45,5.72,,,,,
% 11/10-6,11860,11867,2010,9,28,271,278,96,14,139.58,129.26,2.43,0.35,71.79,,2.56,6.48,,,,,
% 11/10-7,11874,11881,2010,10,12,285,292,110,14,72.02,60.32,1.80,0.24,42.88,,1.56,5.83,,,,,
% 11/10-8,11888,11895,2010,10,26,299,306,124,14,47.59,38.71,1.27,0.17,27.39,,,4.77,,,,,
% 11/10-9,11902,11909,2010,11,9,313,320,138,14,49.32,43.68,1.36,0.18,26.63,,,3.03,,,,,
Unable to Recover Mooring April 2011 (release failure),,,,,,,,,,,,,,,,,,,,,,
% 10/11-1,12087,12095,2011,5,13,133,140.5,323,15,20.68,12.59,1.18,0.15,10.4,,1.0,1.52,,,,,
% 10/11-2,12102,12110,2011,5,28,148,156,338,16,46.68,29.61,2.28,0.30,36.6,,3.4,7.92,,,,,
% 10/11-3,12118,12126,2011,6,13,164,172,354,16,32.50,20.84,1.62,0.20,21.8,,3.0,5.43,,,,,
% 10/11-4,12134,12142,2011,6,29,180,188,6,16,21.63,12.50,1.08,0.13,14.4,,2.0,3.97,,,,,
% 10/11-5,12153,12161,2011,7,18,199,207,25,16,17.20,10.79,0.86,0.11,14.4,,1.4,3.16,,,,,
% 10/11-6,12169,12177,2011,8,3,215,223,41,16,23.55,14.46,1.19,0.15,14.9,,1.8,3.36,,,,,
% 10/11-7,12185,12194,2011,8,19,231,239.5,58,17,22.30,13.79,1.18,0.14,15.8,,1.4,3.32,,,,,
% 4/12-1,12251,12259,2011,10,24,297,305,123,16,16.87,10.27,0.83,0.11,11.4,,1.1,2.69,,,,,
% 4/12-2,12267,12275,2011,11,9,313,321,139,16,30.43,18.57,1.40,0.18,28.4,,2.8,6.19,,,,,
% 4/12-3,12283,12291,2001,11,25,329,336.5,155,15,32.02,19.15,1.48,0.19,23.9,,2.8,6.88,,,,,
% 4/12-4,12298,12306,2011,12,10,344,351.5,170,15,22.26,12.68,1.01,0.13,22.8,,2.1,4.23,,,,,
% 4/12-5,12313,12321,2011,12,25,359,1.5,184,15,34.88,20.16,1.73,0.22,28.1,,6.6,5.51,,,,,
% 4/12-6,12328,12336,2012,1,9,9,16.5,199,15,59.79,34.60,2.68,0.34,32.0,,8.5,8.97,,,,,
% 4/12-7,12343,12351,2012,1,24,24,31.5,214,15,59.41,31.85,2.45,0.31,30.2,,9.3,7.84,,,,,
% 4/12-8,12358,12365,2012,2,8,39,46,228,14,54.96,31.81,2.25,0.29,30.4,,6.2,7.15,,,,,
% 4/12-9,12372,12379,2012,2,22,53,60,242,14,100.30,71.54,3.95,0.51,59.0,,9.3,10.58,,,,,
% 4/12-10,12386,12393,2012,3,7,67,74,256,14,78.53,54.16,3.38,0.45,48.3,,4.3,7.55,,,,,
% 4/12-11,12400,12407,2012,3,21,81,88,270,14,62.10,41.43,2.34,0.31,36.3,,4.5,7.90,,,,,
% 7/12-1,12419,12426,2012,4,9,100,106.5,289,13,43.67,27.24,2.17,0.28,30.1,,4.9,6.43,,,,,
% 7/12-2,12432,12439,2012,4,22,113,120,302,14,64.32,39.53,3.03,0.39,38.1,,8.2,8.55,,,,,
% 7/12-3,12446,12454,2012,5,6,127,134.5,317,15,50.80,29.53,2.09,0.27,38.0,,6.2,8.59,,,,,
% 7/12-4,12461,12469,2012,5,21,142,149.5,332,15,34.91,20.33,1.61,0.21,25.7,,3.9,5.49,,,,,
% 7/12-5,12476,12484,2012,6,5,157,164.5,347,15,42.70,24.21,1.66,0.21,29.4,,4.8,7.52,,,,,
% 7/12-6,12491,12498,2012,6,20,172,179,361,14,41.14,24.05,1.70,0.22,25.6,,4.3,6.66,,,,,
% 11/12-1,12508,12516,2012,7,7,189,196.5,15,15,34.33,17.52,1.60,0.20,21.0,,4.6,5.98,,,,,
% 11/12-2,12523,12531,2012,7,22,204,212,30,16,37.73,19.63,1.68,0.20,28.6,,5.7,7.56,,,,,
% 11/12-3,12539,12547,2012,8,7,220,228,46,16,36.96,19.09,1.69,0.21,99.6,,4.7,7.33,,,,,
% 11/12-4,12555,12563,2012,8,23,236,244,62,16,27.69,16.23,1.22,0.14,16.4,,3.6,5.83,,,,,
% 11/12-5,12571,12579,2012,9,8,252,260,78,16,33.91,20.06,1.48,0.18,15.8,,4.8,7.38,,,,,
% 11/12-6,12587,12595,2012,9,24,268,276,94,16,35.20,18.37,1.51,0.18,24.5,,5.2,7.91,,,,,
% 11/12-7,12603,12611,2012,10,10,284,291.5,110,15,27.18,15.93,1.18,0.14,22.9,,3.0,5.64,,,,,
% 11/12-8,12619,12627,2012,10,26,300,307.5,126,15,20.65,11.14,1.01,0.12,18.1,,4.0,4.33,,,,,
% 11/12-9,12634,12642,2012,11,10,315,322.5,141,15,26.57,15.56,1.17,0.14,15.8,,2.6,4.73,,,,,
% 4/13-1,12651,12659,2012,11,27,332,339.5,158,15,21.38,14.50,0.87,0.11,13.3,,1.3,3.08,,,,,
% 4/13-2,12666,12674,2012,12,12,347,355,173,16,32.44,20.56,1.28,0.16,19.3,,2.7,5.84,,,,,
% 4/13-3,12682,12690,2012,12,28,363,371,189,16,53.00,35.89,2.40,0.30,31.3,,6.0,7.51,,,,,
% 4/13-4,12698,12706,2013,1,13,13,21,203,16,52.38,35.89,2.35,0.31,33.1,,6.2,5.34,,,,,
% 4/13-5,12714,12722,2013,1,29,29,36.5,219,15,54.47,37.46,2.70,0.36,32.9,,5.3,6.72,,,,,
% 4/13-6,12729,12737,2013,2,13,44,51.5,234,15,56.88,37.77,2.88,0.38,33.6,,5.8,6.27,,,,,
% 4/13-7,12744,12752,2013,2,28,59,67,249,16,58.35,38.39,3.09,0.43,45.2,,7.1,8.22,,,,,
% 4/13-8,12760,12768,2013,3,16,75,82.5,265,15,87.78,57.58,5.30,0.70,60.5,,9.6,8.63,,,,,
% 4/13-9,12775,12783,2013,3,31,90,97.5,280,15,58.61,37.16,2.84,0.37,48.7,,4.1,6.99,,,,,
% 7/13-1,12793,12801,2013,4,18,108,116,298,16,38.74,23.99,2.22,0.29,24.0,,5.7,4.83,,,,,
% 7/13-2,12809,12817,2013,5,4,124,131.5,314,15,53.72,34.03,2.17,0.28,36.2,,7.0,10.90,,,,,
% 7/13-3,12824,12832,2013,5,19,139,146.5,329,15,31.59,20.08,1.25,0.17,24.1,,4.6,6.56,,,,,
% 7/13-4,12839,12847,2013,6,3,154,161.5,344,15,28.04,16.95,1.12,0.15,17.2,,2.8,5.03,,,,,
% 7/13-5,12854,12861,2013,6,18,169,176,358,14,38.77,24.98,1.66,0.22,27.6,,5.8,8.34,,,,,
% 7/13-6,12868,12875,2013,7,2,183,190,8,14,33.43,20.41,1.50,0.21,25.7,,4.9,6.55,,,,,
% 11/13-1,12884,12892,2013,7,18,199,207,25,16,32.84,19.22,1.57,0.20,21.4,,5.6,6.72,,,,,
% 11/13-2,12900,12908,2013,8,3,215,222.5,41,15,33.31,18.15,1.60,0.21,22.8,,4.7,6.87,,,,,
% 11/13-3,12915,12923,2013,8,18,230,237.5,56,15,33.17,19.22,1.60,0.21,20.1,,3.5,5.17,,,,,
% 11/13-4,12930,12938,2013,9,2,245,253,71,16,31.53,18.70,1.50,0.20,25.5,,3.8,5.97,,,,,
% 11/13-5,12946,12954,2013,9,18,261,269,87,16,37.01,22.60,1.78,0.22,24.4,,4.5,7.96,,,,,
% 11/13-6,12962,12970,2013,10,4,277,285,103,16,21.25,12.50,1.06,0.13,16.6,,2.4,4.13,,,,,
% 11/13-7,12978,12986,2013,10,20,293,301,119,16,23.73,13.39,1.06,0.14,16.8,,2.8,5.92,,,,,
% 4/14-1,12998,13006,2013,11,9,313,321,139,16,20.52,11.56,0.96,0.12,16.7,,3.2,6.10,,,,,
% 4/14-2,13012,13020,2013,11,23,327,334.5,153,15,31.02,16.06,1.37,0.18,20.3,,3.8,8.25,,,,,
% 4/14-3,13027,13035,2013,12,8,342,349.5,168,15,20.29,10.88,0.91,0.12,13.5,,2.1,4.97,,,,,
% 4/14-4,13042,13050,2013,12,23,357,364.5,183,15,26.54,16.01,1.32,0.17,15.3,,2.4,4.28,,,,,
% 4/14-5,13057,13064,2014,1,7,7,14,196,14,37.38,23.36,1.75,0.23,26.6,,4.0,6.79,,,,,
% 4/14-6,13071,13078,2014,1,21,21,28,210,14,27.04,16.78,1.32,0.18,14.3,,2.8,4.14,,,,,
% 4/14-7,13085,13092,2014,2,4,35,42,224,14,34.76,21.18,1.66,0.21,20.3,,3.5,6.50,,,,,
% 4/14-8,13099,13106,2014,2,18,49,56,238,14,39.02,23.72,1.70,0.21,25.7,,4.7,7.51,,,,,
% 4/14-9,13113,13120,2014,3,4,63,70,252,14,35.87,22.15,1.56,0.20,20.4,,3.7,5.89,,,,,
% 4/14-10,13127,13134,2014,3,18,77,84,266,14,38.45,23.68,1.82,0.23,21.1,,3.8,4.90,,,,,
% 4/14-11,13141,13148,2014,4,1,91,98,280,14,46.30,28.31,1.99,0.25,27.6,,4.4,7.85,,,,,
% 10/14-1,13160,13168,2014,4,20,110,117.5,300,15,24.64,13.97,1.21,0.15,16.4,,2.7,3.97,,,,,
% 10/14-2,13175,13183,2014,5,5,125,132.5,315,15,23.85,14.13,1.16,0.14,14.0,,2.4,3.60,,,,,
% 10/14-3,13190,13198,2014,5,20,140,147.5,330,15,41.55,22.65,2.26,0.27,22.6,,2.9,5.50,,,,,
% 10/14-4,13205,13213,2014,6,4,155,162.5,345,15,32.43,18.90,1.49,0.18,22.2,,4.2,6.28,,,,,
% 10/14-5,13220,13228,2014,6,19,170,177.5,360,15,32.86,19.67,1.43,0.18,26.4,,3.6,5.55,,,,,
% 10/14-6,13235,13243,2014,7,4,185,192.5,11,15,36.35,21.87,1.62,0.20,29.4,,3.3,6.75,,,,,
% 10/14-7,13250,13258,2014,7,19,200,207.5,26,15,27.84,16.21,1.23,0.15,22.6,,3.5,5.48,,,,,
% 10/14-8,13265,13273,2014,8,3,215,222.5,41,15,23.17,12.18,1.10,0.14,16.9,,3.0,5.34,,,,,
% 10/14-9,13280,13288,2014,8,18,230,237.5,56,15,35.90,18.93,1.51,0.19,23.0,,4.5,8.73,,,,,
% 10/14-10,13295,13303,2014,9,2,245,252.5,71,15,36.14,20.53,1.54,0.19,27.5,,4.0,7.88,,,,,
% 10/14-11,13310,13317,2014,9,17,260,267,85,14,31.21,17.89,1.46,0.18,19.5,,3.5,6.63,,,,,
% 10/14-12,13324,13331,2014,10,1,274,281,99,14,36.57,20.97,1.57,0.19,14.3,,3.0,5.23,,,,,
% 4/15-1,13346,13353,2014,10,23,296,303,121,14,24.33,14.13,1.23,0.15,14.3,,2.7,5.24,,,,,
% 4/15-2,13360,13367,2014,11,6,310,317,135,14,26.74,15.79,1.35,0.18,24.3,,2.2,5.81,,,,,
% 4/15-3,13374,13381,2014,11,20,324,331,149,14,19.77,11.54,0.93,0.11,12.6,,1.8,4.22,,,,,
% 4/15-4,13388,13395,2014,12,4,338,345,163,14,25.63,15.29,1.17,0.14,12.3,,1.7,4.26,,,,,
% 4/15-5,13402,13409,2014,12,18,352,359,177,14,28.82,18.37,1.46,0.18,18.6,,2.8,5.04,,,,,
% 4/15-6,13416,13424,2015,1,1,1,8.5,191,15,55.44,34.13,2.64,0.34,37.8,,7.3,9.98,,,,,
% 4/15-7,13431,13439,2015,1,16,16,23.5,206,15,42.80,27.13,1.92,0.23,22.5,,4.2,6.82,,,,,
% 4/15-8,13446,13454,2015,1,31,31,38.5,221,15,38.98,26.27,1.96,0.25,22.4,,4.0,5.35,,,,,
% 4/15-9,13461,13469,2015,2,15,46,53.5,236,15,48.43,29.86,2.48,0.31,29.8,,6.3,7.80,,,,,
% 4/15-10,13476,13484,2015,3,2,61,68.5,251,15,82.30,53.18,4.42,0.56,50.4,,9.7,9.37,,,,,
% 4/15-11,13491,13498,2015,3,17,76,83,265,14,61.12,43.82,3.14,0.39,36.1,,4.2,6.01,,,,,
% 4/15-12,13505,13512,2015,3,31,90,97,279,14,16.31,10.93,0.74,0.09,9.4,,1.5,2.57,,,,,
% 11/15-1,13524,13532,2015,4,19,109,116.5,299,15,5.63,3.41,0.30,0.04,,,,,,,,,
% 11/15-2,13539,13547,2015,5,4,124,131.5,314,15,32.39,20.40,1.52,0.19,,,,,,,,,
% 11/15-3,13554,13562,2015,5,19,139,146.5,329,15,40.25,23.62,1.79,0.23,,,,,,,,,
% 11/15-4,13569,13577,2015,6,3,154,161.5,344,15,34.24,19.94,1.45,0.18,,,,,,,,,
% 11/15-5,13584,13592,2015,6,18,169,176.5,359,15,42.95,26.32,1.86,0.24,,,,,,,,,
% 11/15-6,13599,13606,2015,7,3,184,191,9,14,34.07,20.47,1.68,0.21,,,,,,,,,
% 11/15-7,13613,13620,2015,7,17,198,205,23,14,42.55,23.98,2.00,0.25,,,,,,,,,
% 11/15-8,13627,13635,2015,7,31,212,219.5,38,15,39.24,24.45,1.92,0.24,,,,,,,,,
% 11/15-9,13642,13650,2015,8,15,227,234.5,53,15,38.84,23.94,1.95,0.25,,,,,,,,,
% 11/15-10,13657,13665,2015,8,30,242,249.5,68,15,24.20,14.83,1.31,0.17,,,,,,,,,
% 11/15-11,13672,13680,2015,9,14,257,264.5,83,15,28.57,17.06,1.73,0.22,,,,,,,,,
% 11/15-12,13687,13694,2015,9,29,272,279,97,14,38.11,24.17,2.31,0.30,,,,,,,,,
% 11/15-13,13701,13708,2015,10,13,286,293,111,14,28.90,17.27,1.75,0.23,,,,,,,,,
% 11/15-14,13715,13722,2015,10,27,300,307,125,14,28.87,16.74,1.42,0.18,,,,,,,,,
% 04/16-1,13735,13743,2015,11,16,320,327.5,146,15,21.58,12.96,1.06,0.13,,,,,,,,,
% 04/16-2,13750,13758,2015,12,1,335,342.5,161,15,23.60,12.57,1.22,0.15,,,,,,,,,
% 04/16-3,13765,13773,2015,12,16,350,357.5,176,15,24.56,14.81,1.12,0.13,,,,,,,,,
% 04/16-4,13780,13788,2015,12,31,365,372.5,191,15,24.71,14.14,1.12,0.13,,,,,,,,,
% 04/16-5,13795,13803,2016,1,15,15,22.5,205,15,25.22,14.62,1.17,0.14,,,,,,,,,
% 04/16-6,13810,13817,2016,1,30,30,37,219,14,29.75,17.62,1.57,0.18,,,,,,,,,
% 04/16-7,13824,13831,2016,2,13,44,51,233,14,38.96,24.34,1.79,0.21,,,,,,,,,
% 04/16-8,13838,13845,2016,2,27,58,65,247,14,22.02,12.53,1.17,0.14,,,,,,,,,
% 04/16-9,13852,13859,2016,3,12,72,79,261,14,41.24,24.16,2.04,0.24,,,,,,,,,
% 04/16-10,13866,13873,2016,3,26,86,93,275,14,43.57,24.07,1.92,0.24,,,,,,,,,
% 04/16-11,13880,13887,2016,4,9,100,107,289,14,31.14,17.36,1.44,0.20,,,,,,,,,
% 10/16-1,13898,13906,2016,4,27,118,125.5,308,15,20.86,12.21,1.00,0.12,,,,,,,,,
% 10/16-2,13913,13921,2016,5,12,133,140.5,323,15,26.58,14.28,1.20,0.14,,,,,,,,,
% 10/16-3,13928,13936,2016,5,27,148,155.5,338,15,34.07,21.18,1.52,0.18,,,,,,,,,
% 10/16-4,13943,13951,2016,6,11,163,170.5,353,15,26.91,16.31,1.21,0.15,,,,,,,,,
% 10/16-5,13958,13966,2016,6,26,178,186,4,16,21.68,12.29,1.01,0.13,,,,,,,,,
% 10/16-6,13974,13982,2016,7,12,194,201.5,20,15,27.90,17.59,1.31,0.16,,,,,,,,,
% 10/16-7,13989,13997,2016,7,27,209,216.5,35,15,17.98,10.64,0.89,0.11,,,,,,,,,
% 10/16-8,14004,14012,2016,8,11,224,231.5,50,15,15.48,10.04,0.74,0.09,,,,,,,,,
% 10/16-9,14019,14027,2016,8,26,239,246.5,65,15,20.52,12.61,0.98,0.12,,,,,,,,,
% 10/16-10,14034,14042,2016,9,10,254,261.5,80,15,30.18,19.67,1.41,0.17,,,,,,,,,
% 10/16-11,14049,14057,2016,9,25,269,276.5,95,15,22.58,13.69,1.07,0.13,,,,,,,,,
% 10/16-12,14064,14072,2016,10,10,284,291.5,110,15,23.00,15.02,1.04,0.12,,,,,,,,,
% 04/17-1,14083,14090,2016,10,29,303,310,128,14,16.22,9.01,0.93,0.14,,,,,,,,,
% 04/17-2,14097,14104,2016,11,12,317,324,142,14,15.81,9.29,0.78,0.10,,,,,,,,,
% 04/17-3,14111,14118,2016,11,26,331,338,156,14,32.42,19.44,1.54,0.20,,,,,,,,,
% 04/17-4,14125,14133,2016,12,10,345,352.5,171,15,22.85,13.06,1.08,0.14,,,,,,,,,
% 04/17-5,14140,14148,2016,12,25,360,367.5,186,15,27.27,16.32,1.44,0.19,,,,,,,,,
% 04/17-6,14155,14163,2017,1,9,9,16.5,199,15,48.60,29.07,2.59,0.35,,,,,,,,,
% 04/17-7,14170,14178,2017,1,24,24,31.5,214,15,42.33,25.18,2.09,0.28,,,,,,,,,
% 04/17-8,14185,14192,2017,2,8,39,46,228,14,35.95,22.24,1.87,0.24,,,,,,,,,
% 04/17-9,14198,14205,2017,2,22,52,59,241,14,30.19,18.07,1.57,0.20,,,,,,,,,
% 04/17-10,14213,14221,2017,3,8,67,74.5,257,15,40.98,25.59,2.37,0.31,,,,,,,,,
% 04/17-11,14228,14236,2017,3,23,82,89.5,272,15,73.89,48.59,4.63,0.64,,,,,,,,,
% 04/17-12,14243,14251,2017,4,7,97,104.5,287,15,45.71,30.79,2.42,0.32,,,,,,,,,
% 08/17-1,14261,14269,2017,4,25,115,123,305,16,29.65,19.35,1.40,0.19,,,,,,,,,
% 08/17-2,14277,14285,2017,5,11,131,138.5,321,15,35.60,21.29,1.45,0.19,,,,,,,,,
% 08/17-3,14292,14300,2017,5,26,146,153.5,336,15,38.08,24.74,1.66,0.21,,,,,,,,,
% 08/17-4,14307,14315,2017,6,10,161,169,351,16,32.05,19.23,1.34,0.17,,,,,,,,,
% 08/17-5,14323,14330,2017,6,26,177,184,2,14,24.81,16.05,1.16,0.15,,,,,,,,,
% 08/17-6,14337,14345,2017,7,10,191,198.5,17,15,28.00,17.45,1.27,0.16,,,,,,,,,
% 08/17-7,14352,14360,2017,7,25,206,213.5,32,15,39.31,23.47,1.70,0.22,,,,,,,,,
Mooring broke free mid-August (lost 08/17-8) recovered and redeployed,,,,,,,,,,,,,,,,,,,,,,
% 01/18-1,14383,14390,2017,8,25,237,244,62,14,19.41,10.39,0.98,0.12,,,,,,,,,
% 01/18-2,14398,14405,2017,9,8,252,259,77,14,33.28,20.58,1.56,0.20,,,,,,,,,
% 01/18-3,14411,14418,2017,9,22,265,272,90,14,24.87,15.41,1.25,0.17,,,,,,,,,
% 01/18-4,14425,14432,2017,10,6,279,286,104,14,18.20,10.40,0.97,0.12,,,,,,,,,
% 01/18-5,14439,14446,2017,10,20,293,300,118,14,20.97,12.82,1.02,0.13,,,,,,,,,
% 01/18-6,14453,14460,2017,11,3,307,314,132,14,28.32,17.27,1.32,0.17,,,,,,,,,
% 01/18-7,14467,14474,2017,11,17,321,328,146,14,25.30,13.94,1.22,0.17,,,,,,,,,
% 01/18-8,14481,14488,2017,12,1,335,342,160,14,30.36,18.38,1.34,0.18,,,,,,,,,
% 01/18-9,14495,14502,2017,12,15,349,356,174,14,30.10,16.45,1.34,0.17,,,,,,,,,
% 01/18-10,14509,14516,2017,12,29,363,370,188,14,29.35,17.34,1.26,0.16,,,,,,,,,
% 01/18-11,14523,14530,2018,1,12,12,18.5,201,13,34.67,21.96,1.54,0.20,,,,,,,,,
% 06/18-1,14538,14546,2018,1,27,27,34.5,217,15,36.09,22.54,1.82,0.23,,,,,,,,,
% 06/18-2,14553,14560,2018,2,11,42,49,231,14,48.59,32.35,2.90,0.36,,,,,,,,,
% 06/18-3,14567,14574,2018,2,25,56,63,245,14,35.08,23.11,1.60,0.19,,,,,,,,,
% 06/18-4,14581,14588,2018,3,11,70,77,259,14,29.87,20.24,1.58,0.19,,,,,,,,,
% 06/18-5,14595,14602,2018,3,25,84,91,273,14,117.07,84.30,6.00,0.69,,,,,,,,,
% 06/18-6,14609,14616,2018,4,8,98,105,287,14,71.52,49.55,3.43,0.42,,,,,,,,,
% 06/18-7,14623,14630,2018,4,22,112,119,301,14,53.45,38.34,2.46,0.30,,,,,,,,,
% 06/18-8,14637,14644,2018,5,6,126,133,315,14,36.92,23.91,1.55,0.19,,,,,,,,,
% 06/18-9,14651,14658,2018,5,20,140,147,329,14,23.40,15.34,1.03,0.13,,,,,,,,,
% 10/18-1,14666,14674,2018,6,4,155,162.5,345,15,12.87,8.78,0.59,0.08,,,,,,,,,
% 10/18-2,14681,14689,2018,6,19,170,177.5,360,15,24.31,15.57,0.94,0.12,,,,,,,,,
% 10/18-3,14696,14704,2018,7,4,185,192.5,11,15,23.71,15.84,1.08,0.15,,,,,,,,,
% 10/18-4,14711,14719,2018,7,19,200,207.5,26,15,23.71,16.09,1.00,0.14,,,,,,,,,
% 10/18-5,14726,14734,2018,8,3,215,222.5,41,15,23.15,16.13,0.98,0.12,,,,,,,,,
% 10/18-6,14741,14748,2018,8,18,230,237,55,14,24.70,17.03,1.01,0.12,,,,,,,,,
% 10/18-7,14755,14762,2018,9,1,244,251,69,14,26.68,18.63,1.10,0.13,,,,,,,,,
% 10/18-8,14769,14776,2018,9,15,258,265,83,14,28.14,17.15,1.20,0.15,,,,,,,,,
% 10/18-9,14783,14790,2018,9,29,272,279,97,14,32.59,20.65,1.30,0.16,,,,,,,,,
% 10/18-10,14797,14804,2018,10,13,286,293,111,14,27.86,19.16,1.17,0.15,,,,,,,,,
,,,,,,,,,,,,,,,,,,,,,,
,,,,,,,,,,,,,,,,,,,,,,
,,,,,,,,,,,,,,,,,,,,,,
,,,,,,,,,,,,,,,,,,,,,,
,,,,,,,,,,,,,,,,,,,,,,
,,,,,,,,,,,,,,,,,,,,,,
,,,,,,,,,,,,,,,,,,,,,,
,,,,,,,,,,,,,,,,,,,,,,
,,,,,,,,,,,,,,,,,,,,,,
,,,,,,,,,,,,,,,,,,,,,,